id,name,category,subcategory,starting_position,youtube_url,youtube_search_url,created_at
1,Americana from Half Guard (Top),submission,Americana,Half Guard (Top),,https://www.youtube.com/results?search_query=bjj%2BAmericana%2Bfrom%2BHalf%2BGuard%2BTop%2Btutorial,2026-02-16T09:21:47.320Z
2,Americana from Mount,submission,Americana,Mount,https://www.youtube.com/watch?v=LHetDQFtWNk,https://www.youtube.com/results?search_query=bjj%2BAmericana%2Bfrom%2BMount%2Btutorial,2026-02-16T09:21:47.320Z
3,Americana from North South,submission,Americana,North South,,https://www.youtube.com/results?search_query=bjj%2BAmericana%2Bfrom%2BNorth%2BSouth%2Btutorial,2026-02-16T09:21:47.320Z
4,Americana from Scarf Hold,submission,Americana,Scarf Hold,,https://www.youtube.com/results?search_query=bjj%2BAmericana%2Bfrom%2BScarf%2BHold%2Btutorial,2026-02-16T09:21:47.320Z
5,Americana from Side Control,submission,Americana,Side Control,,https://www.youtube.com/results?search_query=bjj%2BAmericana%2Bfrom%2BSide%2BControl%2Btutorial,2026-02-16T09:21:47.320Z
6,Anaconda Choke from Front Headlock,submission,Anaconda Choke,Front Headlock,https://www.youtube.com/watch?v=l1hZNUShlP0,https://www.youtube.com/results?search_query=bjj%2BAnaconda%2BChoke%2Bfrom%2BFront%2BHeadlock%2Btutorial,2026-02-16T09:21:47.320Z
7,Anaconda Choke from Sprawl,submission,Anaconda Choke,Sprawl,,https://www.youtube.com/results?search_query=bjj%2BAnaconda%2BChoke%2Bfrom%2BSprawl%2Btutorial,2026-02-16T09:21:47.320Z
8,Anaconda Choke from Turtle Position,submission,Anaconda Choke,Turtle Position,,https://www.youtube.com/results?search_query=bjj%2BAnaconda%2BChoke%2Bfrom%2BTurtle%2BPosition%2Btutorial,2026-02-16T09:21:47.320Z
9,Ankle Lock from Reap/Leg Knot,submission,Ankle Lock,Reap/Leg Knot,,https://www.youtube.com/results?search_query=bjj%2BAnkle%2BLock%2Bfrom%2BReap%2FLeg%2BKnot%2Btutorial,2026-02-16T09:21:47.320Z
10,Ankle Lock from Single X Guard,submission,Ankle Lock,Single X Guard,,https://www.youtube.com/results?search_query=bjj%2BAnkle%2BLock%2Bfrom%2BSingle%2BX%2BGuard%2Btutorial,2026-02-16T09:21:47.320Z
11,Ankle Lock from Leg Drag (Cross Body),submission,Ankle Lock,Leg Drag (Cross Body),,https://www.youtube.com/results?search_query=bjj%2BAnkle%2BLock%2Bfrom%2BLeg%2BDrag%2BCross%2BBody%2Btutorial,2026-02-16T09:21:47.320Z
12,Ankle Lock from 411/Saddle (Far Side Outside),submission,Ankle Lock,411/Saddle (Far Side Outside),,https://www.youtube.com/results?search_query=bjj%2BAnkle%2BLock%2Bfrom%2B411%2FSaddle%2BFar%2BSide%2BOutside%2Btutorial,2026-02-16T09:21:47.320Z
13,Ankle Lock from 411/Saddle (Inside),submission,Ankle Lock,411/Saddle (Inside),,https://www.youtube.com/results?search_query=bjj%2BAnkle%2BLock%2Bfrom%2B411%2FSaddle%2BInside%2Btutorial,2026-02-16T09:21:47.320Z
14,Ankle Lock from Outside Leg Control,submission,Ankle Lock,Outside Leg Control,,https://www.youtube.com/results?search_query=bjj%2BAnkle%2BLock%2Bfrom%2BOutside%2BLeg%2BControl%2Btutorial,2026-02-16T09:21:47.320Z
15,Ankle Lock from Inside Leg Control (Tripod),submission,Ankle Lock,Inside Leg Control (Tripod),,https://www.youtube.com/results?search_query=bjj%2BAnkle%2BLock%2Bfrom%2BInside%2BLeg%2BControl%2BTripod%2Btutorial,2026-02-16T09:21:47.320Z
16,Arm Triangle Choke from Knee on Belly,submission,Arm Triangle Choke,Knee on Belly,,https://www.youtube.com/results?search_query=bjj%2BArm%2BTriangle%2BChoke%2Bfrom%2BKnee%2Bon%2BBelly%2Btutorial,2026-02-16T09:21:47.320Z
17,Arm Triangle Choke from Mount,submission,Arm Triangle Choke,Mount,,https://www.youtube.com/results?search_query=bjj%2BArm%2BTriangle%2BChoke%2Bfrom%2BMount%2Btutorial,2026-02-16T09:21:47.320Z
18,Arm Triangle Choke from North South,submission,Arm Triangle Choke,North South,,https://www.youtube.com/results?search_query=bjj%2BArm%2BTriangle%2BChoke%2Bfrom%2BNorth%2BSouth%2Btutorial,2026-02-16T09:21:47.320Z
19,Arm Triangle Choke from Side Control,submission,Arm Triangle Choke,Side Control,,https://www.youtube.com/results?search_query=bjj%2BArm%2BTriangle%2BChoke%2Bfrom%2BSide%2BControl%2Btutorial,2026-02-16T09:21:47.320Z
20,Aoki Lock from 411 Position,submission,Aoki Lock,411 Position,,https://www.youtube.com/results?search_query=bjj%2BAoki%2BLock%2Bfrom%2B411%2BPosition%2Btutorial,2026-02-16T09:21:47.320Z
21,Aoki Lock from 50/50 Guard,submission,Aoki Lock,50/50 Guard,,https://www.youtube.com/results?search_query=bjj%2BAoki%2BLock%2Bfrom%2B50%2F50%2BGuard%2Btutorial,2026-02-16T09:21:47.320Z
22,Aoki Lock from Butterfly Ashi,submission,Aoki Lock,Butterfly Ashi,,https://www.youtube.com/results?search_query=bjj%2BAoki%2BLock%2Bfrom%2BButterfly%2BAshi%2Btutorial,2026-02-16T09:21:47.320Z
23,Aoki Lock from Butterfly Hook Setup,submission,Aoki Lock,Butterfly Hook Setup,,https://www.youtube.com/results?search_query=bjj%2BAoki%2BLock%2Bfrom%2BButterfly%2BHook%2BSetup%2Btutorial,2026-02-16T09:21:47.320Z
24,Aoki Lock from Standard Ashi Garami,submission,Aoki Lock,Standard Ashi Garami,,https://www.youtube.com/results?search_query=bjj%2BAoki%2BLock%2Bfrom%2BStandard%2BAshi%2BGarami%2Btutorial,2026-02-16T09:21:47.320Z
25,Aoki Lock from Two Feet on Belly,submission,Aoki Lock,Two Feet on Belly,,https://www.youtube.com/results?search_query=bjj%2BAoki%2BLock%2Bfrom%2BTwo%2BFeet%2Bon%2BBelly%2Btutorial,2026-02-16T09:21:47.320Z
26,Aoki Lock from Z Lock Position,submission,Aoki Lock,Z Lock Position,,https://www.youtube.com/results?search_query=bjj%2BAoki%2BLock%2Bfrom%2BZ%2BLock%2BPosition%2Btutorial,2026-02-16T09:21:47.320Z
27,Armbar from Knee on Belly (180°),submission,Armbar,Knee on Belly (180°),,https://www.youtube.com/results?search_query=bjj%2BArmbar%2Bfrom%2BKnee%2Bon%2BBelly%2B180%C2%B0%2Btutorial,2026-02-16T09:21:47.320Z
28,Armbar from Side Control (180°),submission,Armbar,Side Control (180°),,https://www.youtube.com/results?search_query=bjj%2BArmbar%2Bfrom%2BSide%2BControl%2B180%C2%B0%2Btutorial,2026-02-16T09:21:47.320Z
29,Armbar from Knee on Belly (360°),submission,Armbar,Knee on Belly (360°),,https://www.youtube.com/results?search_query=bjj%2BArmbar%2Bfrom%2BKnee%2Bon%2BBelly%2B360%C2%B0%2Btutorial,2026-02-16T09:21:47.320Z
30,Armbar from 50/50 Guard,submission,Armbar,50/50 Guard,,https://www.youtube.com/results?search_query=bjj%2BArmbar%2Bfrom%2B50%2F50%2BGuard%2Btutorial,2026-02-16T09:21:47.320Z
31,Armbar from Back Control,submission,Armbar,Back Control,,https://www.youtube.com/results?search_query=bjj%2BArmbar%2Bfrom%2BBack%2BControl%2Btutorial,2026-02-16T09:21:47.320Z
32,Armbar from Closed Guard,submission,Armbar,Closed Guard,https://www.youtube.com/watch?v=yHSVFz0QKRY,https://www.youtube.com/results?search_query=bjj%2BArmbar%2Bfrom%2BClosed%2BGuard%2Btutorial,2026-02-16T09:21:47.320Z
33,Armbar from Crucifix,submission,Armbar,Crucifix,,https://www.youtube.com/results?search_query=bjj%2BArmbar%2Bfrom%2BCrucifix%2Btutorial,2026-02-16T09:21:47.320Z
34,Armbar from Half Guard (Top),submission,Armbar,Half Guard (Top),,https://www.youtube.com/results?search_query=bjj%2BArmbar%2Bfrom%2BHalf%2BGuard%2BTop%2Btutorial,2026-02-16T09:21:47.320Z
35,Armbar from Mount,submission,Armbar,Mount,https://www.youtube.com/watch?v=S5UU4HW2Drc,https://www.youtube.com/results?search_query=bjj%2BArmbar%2Bfrom%2BMount%2Btutorial,2026-02-16T09:21:47.320Z
36,Armbar from Open Guard,submission,Armbar,Open Guard,,https://www.youtube.com/results?search_query=bjj%2BArmbar%2Bfrom%2BOpen%2BGuard%2Btutorial,2026-02-16T09:21:47.320Z
37,Armbar from Side Control,submission,Armbar,Side Control,,https://www.youtube.com/results?search_query=bjj%2BArmbar%2Bfrom%2BSide%2BControl%2Btutorial,2026-02-16T09:21:47.320Z
38,Armbar from Standing (Flying),submission,Armbar,Standing (Flying),,https://www.youtube.com/results?search_query=bjj%2BArmbar%2Bfrom%2BStanding%2BFlying%2Btutorial,2026-02-16T09:21:47.320Z
39,Armbar from Turtle Position,submission,Armbar,Turtle Position,,https://www.youtube.com/results?search_query=bjj%2BArmbar%2Bfrom%2BTurtle%2BPosition%2Btutorial,2026-02-16T09:21:47.320Z
40,Armbar from Closed Guard (Far Side Pressing),submission,Armbar,Closed Guard (Far Side Pressing),,https://www.youtube.com/results?search_query=bjj%2BArmbar%2Bfrom%2BClosed%2BGuard%2BFar%2BSide%2BPressing%2Btutorial,2026-02-16T09:21:47.320Z
41,Armbar from Omoplata Setup (Forward),submission,Armbar,Omoplata Setup (Forward),,https://www.youtube.com/results?search_query=bjj%2BArmbar%2Bfrom%2BOmoplata%2BSetup%2BForward%2Btutorial,2026-02-16T09:21:47.320Z
42,Armbar from Half Guard Bottom (Kimura Roll),submission,Armbar,Half Guard Bottom (Kimura Roll),,https://www.youtube.com/results?search_query=bjj%2BArmbar%2Bfrom%2BHalf%2BGuard%2BBottom%2BKimura%2BRoll%2Btutorial,2026-02-16T09:21:47.320Z
43,Armbar from Knee on Belly (Near Side),submission,Armbar,Knee on Belly (Near Side),,https://www.youtube.com/results?search_query=bjj%2BArmbar%2Bfrom%2BKnee%2Bon%2BBelly%2BNear%2BSide%2Btutorial,2026-02-16T09:21:47.320Z
44,Armbar from Side Control (Near Side),submission,Armbar,Side Control (Near Side),,https://www.youtube.com/results?search_query=bjj%2BArmbar%2Bfrom%2BSide%2BControl%2BNear%2BSide%2Btutorial,2026-02-16T09:21:47.320Z
45,Baratoplata from Closed Guard,submission,Baratoplata,Closed Guard,,https://www.youtube.com/results?search_query=bjj%2BBaratoplata%2Bfrom%2BClosed%2BGuard%2Btutorial,2026-02-16T09:21:47.320Z
46,Baratoplata from Knee on Belly,submission,Baratoplata,Knee on Belly,,https://www.youtube.com/results?search_query=bjj%2BBaratoplata%2Bfrom%2BKnee%2Bon%2BBelly%2Btutorial,2026-02-16T09:21:47.320Z
47,Baratoplata from Mount,submission,Baratoplata,Mount,,https://www.youtube.com/results?search_query=bjj%2BBaratoplata%2Bfrom%2BMount%2Btutorial,2026-02-16T09:21:47.320Z
48,Baratoplata from Side Control,submission,Baratoplata,Side Control,,https://www.youtube.com/results?search_query=bjj%2BBaratoplata%2Bfrom%2BSide%2BControl%2Btutorial,2026-02-16T09:21:47.320Z
49,Baseball Choke from Closed Guard,submission,Baseball Choke,Closed Guard,,https://www.youtube.com/results?search_query=bjj%2BBaseball%2BChoke%2Bfrom%2BClosed%2BGuard%2Btutorial,2026-02-16T09:21:47.320Z
50,Baseball Choke from Knee on Belly,submission,Baseball Choke,Knee on Belly,,https://www.youtube.com/results?search_query=bjj%2BBaseball%2BChoke%2Bfrom%2BKnee%2Bon%2BBelly%2Btutorial,2026-02-16T09:21:47.320Z
51,Bicep Slicer from North South,submission,Bicep Slicer,North South,,https://www.youtube.com/results?search_query=bjj%2BBicep%2BSlicer%2Bfrom%2BNorth%2BSouth%2Btutorial,2026-02-16T09:21:47.320Z
52,Bicep Slicer from Side Control,submission,Bicep Slicer,Side Control,,https://www.youtube.com/results?search_query=bjj%2BBicep%2BSlicer%2Bfrom%2BSide%2BControl%2Btutorial,2026-02-16T09:21:47.320Z
53,Boston Crab from Side Control,submission,Boston Crab,Side Control,,https://www.youtube.com/results?search_query=bjj%2BBoston%2BCrab%2Bfrom%2BSide%2BControl%2Btutorial,2026-02-16T09:21:47.320Z
54,Boston Crab from Turtle Position,submission,Boston Crab,Turtle Position,,https://www.youtube.com/results?search_query=bjj%2BBoston%2BCrab%2Bfrom%2BTurtle%2BPosition%2Btutorial,2026-02-16T09:21:47.320Z
55,Bow and Arrow from Back Control,submission,Bow and Arrow,Back Control,https://www.youtube.com/watch?v=onaEdi3u0q0,https://www.youtube.com/results?search_query=bjj%2BBow%2Band%2BArrow%2Bfrom%2BBack%2BControl%2Btutorial,2026-02-16T09:21:47.320Z
56,Bow and Arrow from Turtle (Modified),submission,Bow and Arrow,Turtle (Modified),,https://www.youtube.com/results?search_query=bjj%2BBow%2Band%2BArrow%2Bfrom%2BTurtle%2BModified%2Btutorial,2026-02-16T09:21:47.320Z
57,Brabo Choke from Failed Guard Pass,submission,Brabo Choke,Failed Guard Pass,,https://www.youtube.com/results?search_query=bjj%2BBrabo%2BChoke%2Bfrom%2BFailed%2BGuard%2BPass%2Btutorial,2026-02-16T09:21:47.320Z
58,Brabo Choke from Half Guard (Top),submission,Brabo Choke,Half Guard (Top),,https://www.youtube.com/results?search_query=bjj%2BBrabo%2BChoke%2Bfrom%2BHalf%2BGuard%2BTop%2Btutorial,2026-02-16T09:21:47.320Z
59,Brabo Choke from Side Control,submission,Brabo Choke,Side Control,,https://www.youtube.com/results?search_query=bjj%2BBrabo%2BChoke%2Bfrom%2BSide%2BControl%2Btutorial,2026-02-16T09:21:47.320Z
60,Brabo Choke from Turtle Position,submission,Brabo Choke,Turtle Position,,https://www.youtube.com/results?search_query=bjj%2BBrabo%2BChoke%2Bfrom%2BTurtle%2BPosition%2Btutorial,2026-02-16T09:21:47.320Z
61,Buggy Choke from Half Guard (Bottom),submission,Buggy Choke,Half Guard (Bottom),,https://www.youtube.com/results?search_query=bjj%2BBuggy%2BChoke%2Bfrom%2BHalf%2BGuard%2BBottom%2Btutorial,2026-02-16T09:21:47.320Z
62,Buggy Choke from Side Control (Bottom),submission,Buggy Choke,Side Control (Bottom),,https://www.youtube.com/results?search_query=bjj%2BBuggy%2BChoke%2Bfrom%2BSide%2BControl%2BBottom%2Btutorial,2026-02-16T09:21:47.320Z
63,Calf Slicer from Truck Position,submission,Calf Slicer,Truck Position,,https://www.youtube.com/results?search_query=bjj%2BCalf%2BSlicer%2Bfrom%2BTruck%2BPosition%2Btutorial,2026-02-16T09:21:47.320Z
64,Can Opener from Closed Guard,submission,Can Opener,Closed Guard,,https://www.youtube.com/results?search_query=bjj%2BCan%2BOpener%2Bfrom%2BClosed%2BGuard%2Btutorial,2026-02-16T09:21:47.320Z
65,Clock Choke from Kesa Gatame,submission,Clock Choke,Kesa Gatame,,https://www.youtube.com/results?search_query=bjj%2BClock%2BChoke%2Bfrom%2BKesa%2BGatame%2Btutorial,2026-02-16T09:21:47.320Z
66,Clock Choke from Side Control,submission,Clock Choke,Side Control,,https://www.youtube.com/results?search_query=bjj%2BClock%2BChoke%2Bfrom%2BSide%2BControl%2Btutorial,2026-02-16T09:21:47.320Z
67,Clock Choke from Turtle Position,submission,Clock Choke,Turtle Position,,https://www.youtube.com/results?search_query=bjj%2BClock%2BChoke%2Bfrom%2BTurtle%2BPosition%2Btutorial,2026-02-16T09:21:47.320Z
68,Cross Choke from Closed Guard,submission,Cross Choke,Closed Guard,,https://www.youtube.com/results?search_query=bjj%2BCross%2BChoke%2Bfrom%2BClosed%2BGuard%2Btutorial,2026-02-16T09:21:47.320Z
69,Cross Choke from Half Guard (Bottom),submission,Cross Choke,Half Guard (Bottom),,https://www.youtube.com/results?search_query=bjj%2BCross%2BChoke%2Bfrom%2BHalf%2BGuard%2BBottom%2Btutorial,2026-02-16T09:21:47.320Z
70,Cross Choke from Half Guard (Top),submission,Cross Choke,Half Guard (Top),,https://www.youtube.com/results?search_query=bjj%2BCross%2BChoke%2Bfrom%2BHalf%2BGuard%2BTop%2Btutorial,2026-02-16T09:21:47.320Z
71,Cross Choke from Mount,submission,Cross Choke,Mount,https://www.youtube.com/watch?v=FNiY4fWFMBQ,https://www.youtube.com/results?search_query=bjj%2BCross%2BChoke%2Bfrom%2BMount%2Btutorial,2026-02-16T09:21:47.320Z
72,Cross Choke from Side Control,submission,Cross Choke,Side Control,,https://www.youtube.com/results?search_query=bjj%2BCross%2BChoke%2Bfrom%2BSide%2BControl%2Btutorial,2026-02-16T09:21:47.320Z
73,D'arce Choke from Front Headlock,submission,D'arce Choke,Front Headlock,,https://www.youtube.com/results?search_query=bjj%2BD'arce%2BChoke%2Bfrom%2BFront%2BHeadlock%2Btutorial,2026-02-16T09:21:47.320Z
74,D'arce Choke from Half Guard,submission,D'arce Choke,Half Guard,https://www.youtube.com/watch?v=dX0rh_qFdOA,https://www.youtube.com/results?search_query=bjj%2BD'arce%2BChoke%2Bfrom%2BHalf%2BGuard%2Btutorial,2026-02-16T09:21:47.320Z
75,D'arce Choke from Side Control,submission,D'arce Choke,Side Control,,https://www.youtube.com/results?search_query=bjj%2BD'arce%2BChoke%2Bfrom%2BSide%2BControl%2Btutorial,2026-02-16T09:21:47.320Z
76,D'arce Choke from Turtle Position,submission,D'arce Choke,Turtle Position,,https://www.youtube.com/results?search_query=bjj%2BD'arce%2BChoke%2Bfrom%2BTurtle%2BPosition%2Btutorial,2026-02-16T09:21:47.320Z
77,Electric Chair from Half Guard (Bottom),submission,Electric Chair,Half Guard (Bottom),,https://www.youtube.com/results?search_query=bjj%2BElectric%2BChair%2Bfrom%2BHalf%2BGuard%2BBottom%2Btutorial,2026-02-16T09:21:47.320Z
78,Electric Chair from Lockdown,submission,Electric Chair,Lockdown,,https://www.youtube.com/results?search_query=bjj%2BElectric%2BChair%2Bfrom%2BLockdown%2Btutorial,2026-02-16T09:21:47.320Z
79,Estima Lock from 50/50 Guard,submission,Estima Lock,50/50 Guard,,https://www.youtube.com/results?search_query=bjj%2BEstima%2BLock%2Bfrom%2B50%2F50%2BGuard%2Btutorial,2026-02-16T09:21:47.320Z
80,Estima Lock from Half Guard (Knee Shield),submission,Estima Lock,Half Guard (Knee Shield),,https://www.youtube.com/results?search_query=bjj%2BEstima%2BLock%2Bfrom%2BHalf%2BGuard%2BKnee%2BShield%2Btutorial,2026-02-16T09:21:47.320Z
81,Estima Lock from Half Guard (Top),submission,Estima Lock,Half Guard (Top),,https://www.youtube.com/results?search_query=bjj%2BEstima%2BLock%2Bfrom%2BHalf%2BGuard%2BTop%2Btutorial,2026-02-16T09:21:47.320Z
82,Estima Lock from Open Guard Passing,submission,Estima Lock,Open Guard Passing,,https://www.youtube.com/results?search_query=bjj%2BEstima%2BLock%2Bfrom%2BOpen%2BGuard%2BPassing%2Btutorial,2026-02-16T09:21:47.320Z
83,Estima Lock from Reverse De La Riva Guard,submission,Estima Lock,Reverse De La Riva Guard,,https://www.youtube.com/results?search_query=bjj%2BEstima%2BLock%2Bfrom%2BReverse%2BDe%2BLa%2BRiva%2BGuard%2Btutorial,2026-02-16T09:21:47.320Z
84,Estima Lock from Single Leg X Guard,submission,Estima Lock,Single Leg X Guard,,https://www.youtube.com/results?search_query=bjj%2BEstima%2BLock%2Bfrom%2BSingle%2BLeg%2BX%2BGuard%2Btutorial,2026-02-16T09:21:47.320Z
85,Estima Lock from Standing vs Open Guard,submission,Estima Lock,Standing vs Open Guard,,https://www.youtube.com/results?search_query=bjj%2BEstima%2BLock%2Bfrom%2BStanding%2Bvs%2BOpen%2BGuard%2Btutorial,2026-02-16T09:21:47.320Z
86,Estima Lock from X Guard,submission,Estima Lock,X Guard,,https://www.youtube.com/results?search_query=bjj%2BEstima%2BLock%2Bfrom%2BX%2BGuard%2Btutorial,2026-02-16T09:21:47.320Z
87,Ezekiel Choke from Closed Guard (Bottom),submission,Ezekiel Choke,Closed Guard (Bottom),,https://www.youtube.com/results?search_query=bjj%2BEzekiel%2BChoke%2Bfrom%2BClosed%2BGuard%2BBottom%2Btutorial,2026-02-16T09:21:47.320Z
88,Ezekiel Choke from Closed Guard (Top),submission,Ezekiel Choke,Closed Guard (Top),,https://www.youtube.com/results?search_query=bjj%2BEzekiel%2BChoke%2Bfrom%2BClosed%2BGuard%2BTop%2Btutorial,2026-02-16T09:21:47.320Z
89,Ezekiel Choke from Mount (Bottom),submission,Ezekiel Choke,Mount (Bottom),,https://www.youtube.com/results?search_query=bjj%2BEzekiel%2BChoke%2Bfrom%2BMount%2BBottom%2Btutorial,2026-02-16T09:21:47.320Z
90,Ezekiel Choke from Mount (Top),submission,Ezekiel Choke,Mount (Top),https://www.youtube.com/watch?v=mCAuCzXnck4,https://www.youtube.com/results?search_query=bjj%2BEzekiel%2BChoke%2Bfrom%2BMount%2BTop%2Btutorial,2026-02-16T09:21:47.320Z
91,Ezekiel Choke from Side Control,submission,Ezekiel Choke,Side Control,,https://www.youtube.com/results?search_query=bjj%2BEzekiel%2BChoke%2Bfrom%2BSide%2BControl%2Btutorial,2026-02-16T09:21:47.320Z
92,Gogoplata from Closed Guard,submission,Gogoplata,Closed Guard,,https://www.youtube.com/results?search_query=bjj%2BGogoplata%2Bfrom%2BClosed%2BGuard%2Btutorial,2026-02-16T09:21:47.320Z
93,Gogoplata from Mount,submission,Gogoplata,Mount,,https://www.youtube.com/results?search_query=bjj%2BGogoplata%2Bfrom%2BMount%2Btutorial,2026-02-16T09:21:47.320Z
94,Gogoplata from Rubber Guard,submission,Gogoplata,Rubber Guard,,https://www.youtube.com/results?search_query=bjj%2BGogoplata%2Bfrom%2BRubber%2BGuard%2Btutorial,2026-02-16T09:21:47.320Z
95,Groin Stretch from Truck Position,submission,Groin Stretch,Truck Position,,https://www.youtube.com/results?search_query=bjj%2BGroin%2BStretch%2Bfrom%2BTruck%2BPosition%2Btutorial,2026-02-16T09:21:47.320Z
96,Guillotine Choke from Half Guard (10 Finger),submission,Guillotine Choke,Half Guard (10 Finger),,https://www.youtube.com/results?search_query=bjj%2BGuillotine%2BChoke%2Bfrom%2BHalf%2BGuard%2B10%2BFinger%2Btutorial,2026-02-16T09:21:47.320Z
97,Guillotine Choke from Turtle Position (Arm-In),submission,Guillotine Choke,Turtle Position (Arm-In),,https://www.youtube.com/results?search_query=bjj%2BGuillotine%2BChoke%2Bfrom%2BTurtle%2BPosition%2BArm-In%2Btutorial,2026-02-16T09:21:47.320Z
98,Guillotine Choke from Butterfly Guard (With Sweep),submission,Guillotine Choke,Butterfly Guard (With Sweep),,https://www.youtube.com/results?search_query=bjj%2BGuillotine%2BChoke%2Bfrom%2BButterfly%2BGuard%2BWith%2BSweep%2Btutorial,2026-02-16T09:21:47.320Z
99,Guillotine Choke from Closed Guard,submission,Guillotine Choke,Closed Guard,,https://www.youtube.com/results?search_query=bjj%2BGuillotine%2BChoke%2Bfrom%2BClosed%2BGuard%2Btutorial,2026-02-16T09:21:47.320Z
100,Guillotine Choke from Front Headlock,submission,Guillotine Choke,Front Headlock,,https://www.youtube.com/results?search_query=bjj%2BGuillotine%2BChoke%2Bfrom%2BFront%2BHeadlock%2Btutorial,2026-02-16T09:21:47.320Z
101,Guillotine Choke from Guard Pull,submission,Guillotine Choke,Guard Pull,,https://www.youtube.com/results?search_query=bjj%2BGuillotine%2BChoke%2Bfrom%2BGuard%2BPull%2Btutorial,2026-02-16T09:21:47.320Z
102,Guillotine Choke from Half Guard,submission,Guillotine Choke,Half Guard,,https://www.youtube.com/results?search_query=bjj%2BGuillotine%2BChoke%2Bfrom%2BHalf%2BGuard%2Btutorial,2026-02-16T09:21:47.320Z
103,Guillotine Choke from Standing,submission,Guillotine Choke,Standing,https://www.youtube.com/watch?v=qjf-h4GFEII,https://www.youtube.com/results?search_query=bjj%2BGuillotine%2BChoke%2Bfrom%2BStanding%2Btutorial,2026-02-16T09:21:47.320Z
104,Guillotine Choke from Half Guard (High Elbow),submission,Guillotine Choke,Half Guard (High Elbow),,https://www.youtube.com/results?search_query=bjj%2BGuillotine%2BChoke%2Bfrom%2BHalf%2BGuard%2BHigh%2BElbow%2Btutorial,2026-02-16T09:21:47.320Z
105,Guillotine Choke from Half Guard (Power),submission,Guillotine Choke,Half Guard (Power),,https://www.youtube.com/results?search_query=bjj%2BGuillotine%2BChoke%2Bfrom%2BHalf%2BGuard%2BPower%2Btutorial,2026-02-16T09:21:47.320Z
106,Heel Hook from Inside Leg Control,submission,Heel Hook,Inside Leg Control,https://www.youtube.com/watch?v=5v7-_GEdQkQ,https://www.youtube.com/results?search_query=bjj%2BHeel%2BHook%2Bfrom%2BInside%2BLeg%2BControl%2Btutorial,2026-02-16T09:21:47.320Z
107,Heel Hook from Outside Leg Control,submission,Heel Hook,Outside Leg Control,,https://www.youtube.com/results?search_query=bjj%2BHeel%2BHook%2Bfrom%2BOutside%2BLeg%2BControl%2Btutorial,2026-02-16T09:21:47.320Z
108,Heel Hook from Reap/Leg Knot,submission,Heel Hook,Reap/Leg Knot,,https://www.youtube.com/results?search_query=bjj%2BHeel%2BHook%2Bfrom%2BReap%2FLeg%2BKnot%2Btutorial,2026-02-16T09:21:47.320Z
109,Heel Hook from 411/Saddle (Inverted),submission,Heel Hook,411/Saddle (Inverted),,https://www.youtube.com/results?search_query=bjj%2BHeel%2BHook%2Bfrom%2B411%2FSaddle%2BInverted%2Btutorial,2026-02-16T09:21:47.320Z
110,Heel Hook from 50/50 Guard (Inverted),submission,Heel Hook,50/50 Guard (Inverted),,https://www.youtube.com/results?search_query=bjj%2BHeel%2BHook%2Bfrom%2B50%2F50%2BGuard%2BInverted%2Btutorial,2026-02-16T09:21:47.320Z
111,Heel Hook from Backside 50/50 Guard (Inverted),submission,Heel Hook,Backside 50/50 Guard (Inverted),,https://www.youtube.com/results?search_query=bjj%2BHeel%2BHook%2Bfrom%2BBackside%2B50%2F50%2BGuard%2BInverted%2Btutorial,2026-02-16T09:21:47.320Z
112,Hip Lock from Truck Position,submission,Hip Lock,Truck Position,,https://www.youtube.com/results?search_query=bjj%2BHip%2BLock%2Bfrom%2BTruck%2BPosition%2Btutorial,2026-02-16T09:21:47.320Z
113,Kimura from Closed Guard,submission,Kimura,Closed Guard,https://www.youtube.com/watch?v=I5FVxqFbKfY,https://www.youtube.com/results?search_query=bjj%2BKimura%2Bfrom%2BClosed%2BGuard%2Btutorial,2026-02-16T09:21:47.320Z
114,Kimura from Half Guard (Bottom),submission,Kimura,Half Guard (Bottom),,https://www.youtube.com/results?search_query=bjj%2BKimura%2Bfrom%2BHalf%2BGuard%2BBottom%2Btutorial,2026-02-16T09:21:47.320Z
115,Kimura from Half Guard (Top),submission,Kimura,Half Guard (Top),,https://www.youtube.com/results?search_query=bjj%2BKimura%2Bfrom%2BHalf%2BGuard%2BTop%2Btutorial,2026-02-16T09:21:47.320Z
116,Kimura from Mount,submission,Kimura,Mount,,https://www.youtube.com/results?search_query=bjj%2BKimura%2Bfrom%2BMount%2Btutorial,2026-02-16T09:21:47.320Z
117,Kimura from North South,submission,Kimura,North South,,https://www.youtube.com/results?search_query=bjj%2BKimura%2Bfrom%2BNorth%2BSouth%2Btutorial,2026-02-16T09:21:47.320Z
118,Kimura from Side Control,submission,Kimura,Side Control,,https://www.youtube.com/results?search_query=bjj%2BKimura%2Bfrom%2BSide%2BControl%2Btutorial,2026-02-16T09:21:47.320Z
119,Kimura from Turtle Position,submission,Kimura,Turtle Position,,https://www.youtube.com/results?search_query=bjj%2BKimura%2Bfrom%2BTurtle%2BPosition%2Btutorial,2026-02-16T09:21:47.320Z
120,Kimura from Back Control (Triangle + Kimura Finish),submission,Kimura,Back Control (Triangle + Kimura Finish),,https://www.youtube.com/results?search_query=bjj%2BKimura%2Bfrom%2BBack%2BControl%2BTriangle%2B%2B%2BKimura%2BFinish%2Btutorial,2026-02-16T09:21:47.320Z
121,Kneebar from 411/Saddle (Figure 8),submission,Kneebar,411/Saddle (Figure 8),,https://www.youtube.com/results?search_query=bjj%2BKneebar%2Bfrom%2B411%2FSaddle%2BFigure%2B8%2Btutorial,2026-02-16T09:21:47.320Z
122,Kneebar from Truck Position (Figure 8),submission,Kneebar,Truck Position (Figure 8),,https://www.youtube.com/results?search_query=bjj%2BKneebar%2Bfrom%2BTruck%2BPosition%2BFigure%2B8%2Btutorial,2026-02-16T09:21:47.320Z
123,Kneebar from 411/Saddle,submission,Kneebar,411/Saddle,,https://www.youtube.com/results?search_query=bjj%2BKneebar%2Bfrom%2B411%2FSaddle%2Btutorial,2026-02-16T09:21:47.320Z
124,Kneebar from 50/50 Guard,submission,Kneebar,50/50 Guard,,https://www.youtube.com/results?search_query=bjj%2BKneebar%2Bfrom%2B50%2F50%2BGuard%2Btutorial,2026-02-16T09:21:47.320Z
125,Kneebar from Single Leg X Guard,submission,Kneebar,Single Leg X Guard,,https://www.youtube.com/results?search_query=bjj%2BKneebar%2Bfrom%2BSingle%2BLeg%2BX%2BGuard%2Btutorial,2026-02-16T09:21:47.320Z
126,Kneebar from Top Half Guard,submission,Kneebar,Top Half Guard,,https://www.youtube.com/results?search_query=bjj%2BKneebar%2Bfrom%2BTop%2BHalf%2BGuard%2Btutorial,2026-02-16T09:21:47.320Z
127,Kneebar from 50/50 Guard (Stand Up),submission,Kneebar,50/50 Guard (Stand Up),,https://www.youtube.com/results?search_query=bjj%2BKneebar%2Bfrom%2B50%2F50%2BGuard%2BStand%2BUp%2Btutorial,2026-02-16T09:21:47.320Z
128,Lins Lock from 411/Saddle (Far Side),submission,Lins Lock,411/Saddle (Far Side),,https://www.youtube.com/results?search_query=bjj%2BLins%2BLock%2Bfrom%2B411%2FSaddle%2BFar%2BSide%2Btutorial,2026-02-16T09:21:47.320Z
129,Lins Lock from 50/50 Guard,submission,Lins Lock,50/50 Guard,,https://www.youtube.com/results?search_query=bjj%2BLins%2BLock%2Bfrom%2B50%2F50%2BGuard%2Btutorial,2026-02-16T09:21:47.320Z
130,Loop Choke from Butterfly Guard,submission,Loop Choke,Butterfly Guard,,https://www.youtube.com/results?search_query=bjj%2BLoop%2BChoke%2Bfrom%2BButterfly%2BGuard%2Btutorial,2026-02-16T09:21:47.320Z
131,Loop Choke from Half Guard (Top),submission,Loop Choke,Half Guard (Top),,https://www.youtube.com/results?search_query=bjj%2BLoop%2BChoke%2Bfrom%2BHalf%2BGuard%2BTop%2Btutorial,2026-02-16T09:21:47.320Z
132,Loop Choke from Knee on Belly,submission,Loop Choke,Knee on Belly,,https://www.youtube.com/results?search_query=bjj%2BLoop%2BChoke%2Bfrom%2BKnee%2Bon%2BBelly%2Btutorial,2026-02-16T09:21:47.320Z
133,Loop Choke from Turtle Position (Rolling),submission,Loop Choke,Turtle Position (Rolling),,https://www.youtube.com/results?search_query=bjj%2BLoop%2BChoke%2Bfrom%2BTurtle%2BPosition%2BRolling%2Btutorial,2026-02-16T09:21:47.320Z
134,Mir Lock from Closed Guard (High Guard Chain),submission,Mir Lock,Closed Guard (High Guard Chain),,https://www.youtube.com/results?search_query=bjj%2BMir%2BLock%2Bfrom%2BClosed%2BGuard%2BHigh%2BGuard%2BChain%2Btutorial,2026-02-16T09:21:47.320Z
135,Mir Lock from Mount,submission,Mir Lock,Mount,,https://www.youtube.com/results?search_query=bjj%2BMir%2BLock%2Bfrom%2BMount%2Btutorial,2026-02-16T09:21:47.320Z
136,Mir Lock from Side Control,submission,Mir Lock,Side Control,,https://www.youtube.com/results?search_query=bjj%2BMir%2BLock%2Bfrom%2BSide%2BControl%2Btutorial,2026-02-16T09:21:47.320Z
137,North South Choke from North South Position,submission,North South Choke,North South Position,,https://www.youtube.com/results?search_query=bjj%2BNorth%2BSouth%2BChoke%2Bfrom%2BNorth%2BSouth%2BPosition%2Btutorial,2026-02-16T09:21:47.320Z
138,North South Choke from Side Control Transition,submission,North South Choke,Side Control Transition,,https://www.youtube.com/results?search_query=bjj%2BNorth%2BSouth%2BChoke%2Bfrom%2BSide%2BControl%2BTransition%2Btutorial,2026-02-16T09:21:47.320Z
139,Omoplata from Closed Guard,submission,Omoplata,Closed Guard,https://www.youtube.com/watch?v=bDVO9kXu5Lc,https://www.youtube.com/results?search_query=bjj%2BOmoplata%2Bfrom%2BClosed%2BGuard%2Btutorial,2026-02-16T09:21:47.320Z
140,Omoplata from De La Riva Guard,submission,Omoplata,De La Riva Guard,,https://www.youtube.com/results?search_query=bjj%2BOmoplata%2Bfrom%2BDe%2BLa%2BRiva%2BGuard%2Btutorial,2026-02-16T09:21:47.320Z
141,Omoplata from Half Guard,submission,Omoplata,Half Guard,,https://www.youtube.com/results?search_query=bjj%2BOmoplata%2Bfrom%2BHalf%2BGuard%2Btutorial,2026-02-16T09:21:47.320Z
142,Omoplata from Lasso Guard,submission,Omoplata,Lasso Guard,,https://www.youtube.com/results?search_query=bjj%2BOmoplata%2Bfrom%2BLasso%2BGuard%2Btutorial,2026-02-16T09:21:47.320Z
143,Omoplata from Mount,submission,Omoplata,Mount,,https://www.youtube.com/results?search_query=bjj%2BOmoplata%2Bfrom%2BMount%2Btutorial,2026-02-16T09:21:47.320Z
144,Omoplata from Open Guard,submission,Omoplata,Open Guard,,https://www.youtube.com/results?search_query=bjj%2BOmoplata%2Bfrom%2BOpen%2BGuard%2Btutorial,2026-02-16T09:21:47.320Z
145,Omoplata from Spider Guard,submission,Omoplata,Spider Guard,,https://www.youtube.com/results?search_query=bjj%2BOmoplata%2Bfrom%2BSpider%2BGuard%2Btutorial,2026-02-16T09:21:47.320Z
146,Paper-Cutter Choke from Crucifix,submission,Paper-Cutter Choke,Crucifix,,https://www.youtube.com/results?search_query=bjj%2BPaper-Cutter%2BChoke%2Bfrom%2BCrucifix%2Btutorial,2026-02-16T09:21:47.320Z
147,Paper-Cutter Choke from Knee on Belly,submission,Paper-Cutter Choke,Knee on Belly,,https://www.youtube.com/results?search_query=bjj%2BPaper-Cutter%2BChoke%2Bfrom%2BKnee%2Bon%2BBelly%2Btutorial,2026-02-16T09:21:47.320Z
148,Paper-Cutter Choke from North South,submission,Paper-Cutter Choke,North South,,https://www.youtube.com/results?search_query=bjj%2BPaper-Cutter%2BChoke%2Bfrom%2BNorth%2BSouth%2Btutorial,2026-02-16T09:21:47.320Z
149,Paper-Cutter Choke from Side Control,submission,Paper-Cutter Choke,Side Control,,https://www.youtube.com/results?search_query=bjj%2BPaper-Cutter%2BChoke%2Bfrom%2BSide%2BControl%2Btutorial,2026-02-16T09:21:47.320Z
150,Rear-Naked Choke from Back Control,submission,Rear-Naked Choke,Back Control,https://www.youtube.com/watch?v=rEMHYkMJGSw,https://www.youtube.com/results?search_query=bjj%2BRear-Naked%2BChoke%2Bfrom%2BBack%2BControl%2Btutorial,2026-02-16T09:21:47.320Z
151,Rear-Naked Choke from Crucifix,submission,Rear-Naked Choke,Crucifix,,https://www.youtube.com/results?search_query=bjj%2BRear-Naked%2BChoke%2Bfrom%2BCrucifix%2Btutorial,2026-02-16T09:21:47.320Z
152,Rear-Naked Choke from Turtle Position,submission,Rear-Naked Choke,Turtle Position,,https://www.youtube.com/results?search_query=bjj%2BRear-Naked%2BChoke%2Bfrom%2BTurtle%2BPosition%2Btutorial,2026-02-16T09:21:47.320Z
153,Spine Lock from Back Control,submission,Spine Lock,Back Control,,https://www.youtube.com/results?search_query=bjj%2BSpine%2BLock%2Bfrom%2BBack%2BControl%2Btutorial,2026-02-16T09:21:47.320Z
154,Spine Lock from Turtle Position,submission,Spine Lock,Turtle Position,,https://www.youtube.com/results?search_query=bjj%2BSpine%2BLock%2Bfrom%2BTurtle%2BPosition%2Btutorial,2026-02-16T09:21:47.320Z
155,Straight Ankle Lock from 50/50 Guard,submission,Straight Ankle Lock,50/50 Guard,,https://www.youtube.com/results?search_query=bjj%2BStraight%2BAnkle%2BLock%2Bfrom%2B50%2F50%2BGuard%2Btutorial,2026-02-16T09:21:47.320Z
156,Straight Ankle Lock from Ashi Garami,submission,Straight Ankle Lock,Ashi Garami,https://www.youtube.com/watch?v=7y-LhXkX2y0,https://www.youtube.com/results?search_query=bjj%2BStraight%2BAnkle%2BLock%2Bfrom%2BAshi%2BGarami%2Btutorial,2026-02-16T09:21:47.320Z
157,Straight Ankle Lock from Single Leg X Guard,submission,Straight Ankle Lock,Single Leg X Guard,,https://www.youtube.com/results?search_query=bjj%2BStraight%2BAnkle%2BLock%2Bfrom%2BSingle%2BLeg%2BX%2BGuard%2Btutorial,2026-02-16T09:21:47.320Z
158,Suloev Stretch from Back Mount (Opponent Tripods),submission,Suloev Stretch,Back Mount (Opponent Tripods),,https://www.youtube.com/results?search_query=bjj%2BSuloev%2BStretch%2Bfrom%2BBack%2BMount%2BOpponent%2BTripods%2Btutorial,2026-02-16T09:21:47.320Z
159,Suloev Stretch from Wrestling Ride (One Hook In),submission,Suloev Stretch,Wrestling Ride (One Hook In),,https://www.youtube.com/results?search_query=bjj%2BSuloev%2BStretch%2Bfrom%2BWrestling%2BRide%2BOne%2BHook%2BIn%2Btutorial,2026-02-16T09:21:47.320Z
160,Tarikoplata from Closed Guard,submission,Tarikoplata,Closed Guard,,https://www.youtube.com/results?search_query=bjj%2BTarikoplata%2Bfrom%2BClosed%2BGuard%2Btutorial,2026-02-16T09:21:47.320Z
161,Tarikoplata from Mount (Failed Kimura),submission,Tarikoplata,Mount (Failed Kimura),,https://www.youtube.com/results?search_query=bjj%2BTarikoplata%2Bfrom%2BMount%2BFailed%2BKimura%2Btutorial,2026-02-16T09:21:47.320Z
162,Tarikoplata from Half Guard,submission,Tarikoplata,Half Guard,,https://www.youtube.com/results?search_query=bjj%2BTarikoplata%2Bfrom%2BHalf%2BGuard%2Btutorial,2026-02-16T09:21:47.320Z
163,Toe Hold from 411/Saddle (Figure 8 Transition),submission,Toe Hold,411/Saddle (Figure 8 Transition),,https://www.youtube.com/results?search_query=bjj%2BToe%2BHold%2Bfrom%2B411%2FSaddle%2BFigure%2B8%2BTransition%2Btutorial,2026-02-16T09:21:47.320Z
164,Toe Hold from Ashi Garami,submission,Toe Hold,Ashi Garami,,https://www.youtube.com/results?search_query=bjj%2BToe%2BHold%2Bfrom%2BAshi%2BGarami%2Btutorial,2026-02-16T09:21:47.320Z
165,Toe Hold from Half Guard,submission,Toe Hold,Half Guard,,https://www.youtube.com/results?search_query=bjj%2BToe%2BHold%2Bfrom%2BHalf%2BGuard%2Btutorial,2026-02-16T09:21:47.320Z
166,Toe Hold from Reap/Leg Knot,submission,Toe Hold,Reap/Leg Knot,,https://www.youtube.com/results?search_query=bjj%2BToe%2BHold%2Bfrom%2BReap%2FLeg%2BKnot%2Btutorial,2026-02-16T09:21:47.320Z
167,Toe Hold from Side Control,submission,Toe Hold,Side Control,,https://www.youtube.com/results?search_query=bjj%2BToe%2BHold%2Bfrom%2BSide%2BControl%2Btutorial,2026-02-16T09:21:47.320Z
168,Triangle Choke from Closed Guard,submission,Triangle Choke,Closed Guard,https://www.youtube.com/watch?v=V-sRFbkFiPo,https://www.youtube.com/results?search_query=bjj%2BTriangle%2BChoke%2Bfrom%2BClosed%2BGuard%2Btutorial,2026-02-16T09:21:47.320Z
169,Triangle Choke from De La Riva Guard,submission,Triangle Choke,De La Riva Guard,,https://www.youtube.com/results?search_query=bjj%2BTriangle%2BChoke%2Bfrom%2BDe%2BLa%2BRiva%2BGuard%2Btutorial,2026-02-16T09:21:47.320Z
170,Triangle Choke from Deep Half Guard,submission,Triangle Choke,Deep Half Guard,,https://www.youtube.com/results?search_query=bjj%2BTriangle%2BChoke%2Bfrom%2BDeep%2BHalf%2BGuard%2Btutorial,2026-02-16T09:21:47.320Z
171,Triangle Choke from Lasso Guard,submission,Triangle Choke,Lasso Guard,,https://www.youtube.com/results?search_query=bjj%2BTriangle%2BChoke%2Bfrom%2BLasso%2BGuard%2Btutorial,2026-02-16T09:21:47.320Z
172,Triangle Choke from Mount,submission,Triangle Choke,Mount,,https://www.youtube.com/results?search_query=bjj%2BTriangle%2BChoke%2Bfrom%2BMount%2Btutorial,2026-02-16T09:21:47.320Z
173,Triangle Choke from Open Guard,submission,Triangle Choke,Open Guard,,https://www.youtube.com/results?search_query=bjj%2BTriangle%2BChoke%2Bfrom%2BOpen%2BGuard%2Btutorial,2026-02-16T09:21:47.320Z
174,Triangle Choke from Side Control,submission,Triangle Choke,Side Control,,https://www.youtube.com/results?search_query=bjj%2BTriangle%2BChoke%2Bfrom%2BSide%2BControl%2Btutorial,2026-02-16T09:21:47.320Z
175,Triangle Choke from Spider Guard,submission,Triangle Choke,Spider Guard,,https://www.youtube.com/results?search_query=bjj%2BTriangle%2BChoke%2Bfrom%2BSpider%2BGuard%2Btutorial,2026-02-16T09:21:47.320Z
176,Triangle Choke from Standing (Flying),submission,Triangle Choke,Standing (Flying),,https://www.youtube.com/results?search_query=bjj%2BTriangle%2BChoke%2Bfrom%2BStanding%2BFlying%2Btutorial,2026-02-16T09:21:47.320Z
177,Twister from Half Guard,submission,Twister,Half Guard,,https://www.youtube.com/results?search_query=bjj%2BTwister%2Bfrom%2BHalf%2BGuard%2Btutorial,2026-02-16T09:21:47.320Z
178,Twister from Turtle Position,submission,Twister,Turtle Position,,https://www.youtube.com/results?search_query=bjj%2BTwister%2Bfrom%2BTurtle%2BPosition%2Btutorial,2026-02-16T09:21:47.320Z
179,Von Flue Choke from Side Control (Top),submission,Von Flue Choke,Side Control (Top),,https://www.youtube.com/results?search_query=bjj%2BVon%2BFlue%2BChoke%2Bfrom%2BSide%2BControl%2BTop%2Btutorial,2026-02-16T09:21:47.320Z
180,Wrist Lock from Closed Guard,submission,Wrist Lock,Closed Guard,,https://www.youtube.com/results?search_query=bjj%2BWrist%2BLock%2Bfrom%2BClosed%2BGuard%2Btutorial,2026-02-16T09:21:47.320Z
181,Wrist Lock from Half Guard (Top),submission,Wrist Lock,Half Guard (Top),,https://www.youtube.com/results?search_query=bjj%2BWrist%2BLock%2Bfrom%2BHalf%2BGuard%2BTop%2Btutorial,2026-02-16T09:21:47.320Z
182,Wrist Lock from Mount,submission,Wrist Lock,Mount,,https://www.youtube.com/results?search_query=bjj%2BWrist%2BLock%2Bfrom%2BMount%2Btutorial,2026-02-16T09:21:47.320Z
183,Wrist Lock from Side Control,submission,Wrist Lock,Side Control,,https://www.youtube.com/results?search_query=bjj%2BWrist%2BLock%2Bfrom%2BSide%2BControl%2Btutorial,2026-02-16T09:21:47.320Z
184,Back Take from 411/Saddle from 411/Saddle,back_take,Back Take from 411/Saddle,411/Saddle,,https://www.youtube.com/results?search_query=bjj%2BBack%2BTake%2Bfrom%2B411%2FSaddle%2Bfrom%2B411%2FSaddle%2Btutorial,2026-02-16T09:21:47.320Z
185,2 on 1 Grip Back Take from Butterfly Guard,back_take,2 on 1 Grip Back Take,Butterfly Guard,,https://www.youtube.com/results?search_query=bjj%2B2%2Bon%2B1%2BGrip%2BBack%2BTake%2Bfrom%2BButterfly%2BGuard%2Btutorial,2026-02-16T09:21:47.320Z
186,Arm Drag Back Take from Closed Guard (Bottom),back_take,Arm Drag Back Take,Closed Guard (Bottom),https://www.youtube.com/watch?v=SdR8tQHXEj0,https://www.youtube.com/results?search_query=bjj%2BArm%2BDrag%2BBack%2BTake%2Bfrom%2BClosed%2BGuard%2BBottom%2Btutorial,2026-02-16T09:21:47.320Z
187,Arm Drag Back Take from Knee on Belly,back_take,Arm Drag Back Take,Knee on Belly,,https://www.youtube.com/results?search_query=bjj%2BArm%2BDrag%2BBack%2BTake%2Bfrom%2BKnee%2Bon%2BBelly%2Btutorial,2026-02-16T09:21:47.320Z
188,Berimbolo from De La Riva Guard,back_take,Berimbolo,De La Riva Guard,https://www.youtube.com/watch?v=HhbVY_bM-mw,https://www.youtube.com/results?search_query=bjj%2BBerimbolo%2Bfrom%2BDe%2BLa%2BRiva%2BGuard%2Btutorial,2026-02-16T09:21:47.320Z
189,Kiss of the Dragon from De La Riva Guard,back_take,Kiss of the Dragon,De La Riva Guard,,https://www.youtube.com/results?search_query=bjj%2BKiss%2Bof%2Bthe%2BDragon%2Bfrom%2BDe%2BLa%2BRiva%2BGuard%2Btutorial,2026-02-16T09:21:47.320Z
190,Back Take from Deep Half from Half Guard (Bottom),back_take,Back Take from Deep Half,Half Guard (Bottom),,https://www.youtube.com/results?search_query=bjj%2BBack%2BTake%2Bfrom%2BDeep%2BHalf%2Bfrom%2BHalf%2BGuard%2BBottom%2Btutorial,2026-02-16T09:21:47.320Z
191,Kimura Back Take from Half Guard (Bottom),back_take,Kimura Back Take,Half Guard (Bottom),,https://www.youtube.com/results?search_query=bjj%2BKimura%2BBack%2BTake%2Bfrom%2BHalf%2BGuard%2BBottom%2Btutorial,2026-02-16T09:21:47.320Z
192,Rolling Back Take from Half Guard (Top),back_take,Rolling Back Take,Half Guard (Top),,https://www.youtube.com/results?search_query=bjj%2BRolling%2BBack%2BTake%2Bfrom%2BHalf%2BGuard%2BTop%2Btutorial,2026-02-16T09:21:47.320Z
193,Back Take from Leg Drag from Leg Drag Position,back_take,Back Take from Leg Drag,Leg Drag Position,,https://www.youtube.com/results?search_query=bjj%2BBack%2BTake%2Bfrom%2BLeg%2BDrag%2Bfrom%2BLeg%2BDrag%2BPosition%2Btutorial,2026-02-16T09:21:47.320Z
194,Circle to Back from Reverse DLR Passing,back_take,Circle to Back,Reverse DLR Passing,,https://www.youtube.com/results?search_query=bjj%2BCircle%2Bto%2BBack%2Bfrom%2BReverse%2BDLR%2BPassing%2Btutorial,2026-02-16T09:21:47.320Z
195,Twister Roll Back Take from Reverse Side Control,back_take,Twister Roll Back Take,Reverse Side Control,,https://www.youtube.com/results?search_query=bjj%2BTwister%2BRoll%2BBack%2BTake%2Bfrom%2BReverse%2BSide%2BControl%2Btutorial,2026-02-16T09:21:47.320Z
196,Back Take from Truck from Truck Position,back_take,Back Take from Truck,Truck Position,,https://www.youtube.com/results?search_query=bjj%2BBack%2BTake%2Bfrom%2BTruck%2Bfrom%2BTruck%2BPosition%2Btutorial,2026-02-16T09:21:47.320Z
197,Back Take from X Guard from X Guard,back_take,Back Take from X Guard,X Guard,,https://www.youtube.com/results?search_query=bjj%2BBack%2BTake%2Bfrom%2BX%2BGuard%2Bfrom%2BX%2BGuard%2Btutorial,2026-02-16T09:21:47.320Z
198,Body-Lock Pass from Butterfly Guard,guard_pass,Body-Lock Pass,Butterfly Guard,https://www.youtube.com/watch?v=o3jGnlPMl7c,https://www.youtube.com/results?search_query=bjj%2BBody-Lock%2BPass%2Bfrom%2BButterfly%2BGuard%2Btutorial,2026-02-16T09:21:47.320Z
199,Cage Hips 2 on 1 from Butterfly Guard,guard_pass,Cage Hips 2 on 1,Butterfly Guard,,https://www.youtube.com/results?search_query=bjj%2BCage%2BHips%2B2%2Bon%2B1%2Bfrom%2BButterfly%2BGuard%2Btutorial,2026-02-16T09:21:47.320Z
200,Toreador Pass (Cuff Grip) from Butterfly Guard,guard_pass,Toreador Pass (Cuff Grip),Butterfly Guard,,https://www.youtube.com/results?search_query=bjj%2BToreador%2BPass%2BCuff%2BGrip%2Bfrom%2BButterfly%2BGuard%2Btutorial,2026-02-16T09:21:47.320Z
201,High Pass (Stand Up) from Closed Guard,guard_pass,High Pass (Stand Up),Closed Guard,,https://www.youtube.com/results?search_query=bjj%2BHigh%2BPass%2BStand%2BUp%2Bfrom%2BClosed%2BGuard%2Btutorial,2026-02-16T09:21:47.320Z
202,Low Pass (Sao Paulo) from Closed Guard,guard_pass,Low Pass (Sao Paulo),Closed Guard,,https://www.youtube.com/results?search_query=bjj%2BLow%2BPass%2BSao%2BPaulo%2Bfrom%2BClosed%2BGuard%2Btutorial,2026-02-16T09:21:47.320Z
203,Med Pass (Knee in Tailbone) from Closed Guard,guard_pass,Med Pass (Knee in Tailbone),Closed Guard,,https://www.youtube.com/results?search_query=bjj%2BMed%2BPass%2BKnee%2Bin%2BTailbone%2Bfrom%2BClosed%2BGuard%2Btutorial,2026-02-16T09:21:47.320Z
204,Back Step Pass from De La Riva Guard,guard_pass,Back Step Pass,De La Riva Guard,,https://www.youtube.com/results?search_query=bjj%2BBack%2BStep%2BPass%2Bfrom%2BDe%2BLa%2BRiva%2BGuard%2Btutorial,2026-02-16T09:21:47.320Z
205,Back Step Pass from Open Guard,guard_pass,Back Step Pass,Open Guard,,https://www.youtube.com/results?search_query=bjj%2BBack%2BStep%2BPass%2Bfrom%2BOpen%2BGuard%2Btutorial,2026-02-16T09:21:47.320Z
206,Cross Knee Slide from De La Riva Guard,guard_pass,Cross Knee Slide,De La Riva Guard,,https://www.youtube.com/results?search_query=bjj%2BCross%2BKnee%2BSlide%2Bfrom%2BDe%2BLa%2BRiva%2BGuard%2Btutorial,2026-02-16T09:21:47.320Z
207,Leg Drag from De La Riva Guard,guard_pass,Leg Drag,De La Riva Guard,https://www.youtube.com/watch?v=Lk-_k-G7npo,https://www.youtube.com/results?search_query=bjj%2BLeg%2BDrag%2Bfrom%2BDe%2BLa%2BRiva%2BGuard%2Btutorial,2026-02-16T09:21:47.320Z
208,Leg Drag from Open Guard,guard_pass,Leg Drag,Open Guard,,https://www.youtube.com/results?search_query=bjj%2BLeg%2BDrag%2Bfrom%2BOpen%2BGuard%2Btutorial,2026-02-16T09:21:47.320Z
209,Leg Pin from De La Riva Guard,guard_pass,Leg Pin,De La Riva Guard,,https://www.youtube.com/results?search_query=bjj%2BLeg%2BPin%2Bfrom%2BDe%2BLa%2BRiva%2BGuard%2Btutorial,2026-02-16T09:21:47.320Z
210,Re-Square Up from De La Riva Guard,guard_pass,Re-Square Up,De La Riva Guard,,https://www.youtube.com/results?search_query=bjj%2BRe-Square%2BUp%2Bfrom%2BDe%2BLa%2BRiva%2BGuard%2Btutorial,2026-02-16T09:21:47.320Z
211,Turn Knee Out from De La Riva Guard,guard_pass,Turn Knee Out,De La Riva Guard,,https://www.youtube.com/results?search_query=bjj%2BTurn%2BKnee%2BOut%2Bfrom%2BDe%2BLa%2BRiva%2BGuard%2Btutorial,2026-02-16T09:21:47.320Z
212,Leg Lace and Smash from Half Butterfly Guard,guard_pass,Leg Lace and Smash,Half Butterfly Guard,,https://www.youtube.com/results?search_query=bjj%2BLeg%2BLace%2Band%2BSmash%2Bfrom%2BHalf%2BButterfly%2BGuard%2Btutorial,2026-02-16T09:21:47.320Z
213,Trap the Hook from Half Butterfly Guard,guard_pass,Trap the Hook,Half Butterfly Guard,,https://www.youtube.com/results?search_query=bjj%2BTrap%2Bthe%2BHook%2Bfrom%2BHalf%2BButterfly%2BGuard%2Btutorial,2026-02-16T09:21:47.320Z
214,Kimura Pass from Half Guard (Single Leg Deep Half),guard_pass,Kimura Pass,Half Guard (Single Leg Deep Half),,https://www.youtube.com/results?search_query=bjj%2BKimura%2BPass%2Bfrom%2BHalf%2BGuard%2BSingle%2BLeg%2BDeep%2BHalf%2Btutorial,2026-02-16T09:21:47.320Z
215,Underhook and Helicopter from Half Guard,guard_pass,Underhook and Helicopter,Half Guard,,https://www.youtube.com/results?search_query=bjj%2BUnderhook%2Band%2BHelicopter%2Bfrom%2BHalf%2BGuard%2Btutorial,2026-02-16T09:21:47.320Z
216,Underhook and Helicopter from X Guard,guard_pass,Underhook and Helicopter,X Guard,,https://www.youtube.com/results?search_query=bjj%2BUnderhook%2Band%2BHelicopter%2Bfrom%2BX%2BGuard%2Btutorial,2026-02-16T09:21:47.320Z
217,Knee Slide (With Underhook) from Half Guard,guard_pass,Knee Slide (With Underhook),Half Guard,https://www.youtube.com/watch?v=sNBq5J4xoHY,https://www.youtube.com/results?search_query=bjj%2BKnee%2BSlide%2BWith%2BUnderhook%2Bfrom%2BHalf%2BGuard%2Btutorial,2026-02-16T09:21:47.320Z
218,Cross Body Pass (Without Underhook) from Half Guard,guard_pass,Cross Body Pass (Without Underhook),Half Guard,,https://www.youtube.com/results?search_query=bjj%2BCross%2BBody%2BPass%2BWithout%2BUnderhook%2Bfrom%2BHalf%2BGuard%2Btutorial,2026-02-16T09:21:47.320Z
219,Double Under Pass from Open Guard,guard_pass,Double Under Pass,Open Guard,https://www.youtube.com/watch?v=tKP5ZRJUOKY,https://www.youtube.com/results?search_query=bjj%2BDouble%2BUnder%2BPass%2Bfrom%2BOpen%2BGuard%2Btutorial,2026-02-16T09:21:47.320Z
220,Force Quarter with Guillotine from Open Guard,guard_pass,Force Quarter with Guillotine,Open Guard,,https://www.youtube.com/results?search_query=bjj%2BForce%2BQuarter%2Bwith%2BGuillotine%2Bfrom%2BOpen%2BGuard%2Btutorial,2026-02-16T09:21:47.320Z
221,Matador Pass from Open Guard,guard_pass,Matador Pass,Open Guard,,https://www.youtube.com/results?search_query=bjj%2BMatador%2BPass%2Bfrom%2BOpen%2BGuard%2Btutorial,2026-02-16T09:21:47.320Z
222,Over Under Pass from Open Guard,guard_pass,Over Under Pass,Open Guard,https://www.youtube.com/watch?v=Q3ioXBkDDIw,https://www.youtube.com/results?search_query=bjj%2BOver%2BUnder%2BPass%2Bfrom%2BOpen%2BGuard%2Btutorial,2026-02-16T09:21:47.320Z
223,Snap Down Leg Drag from Open Guard,guard_pass,Snap Down Leg Drag,Open Guard,,https://www.youtube.com/results?search_query=bjj%2BSnap%2BDown%2BLeg%2BDrag%2Bfrom%2BOpen%2BGuard%2Btutorial,2026-02-16T09:21:47.320Z
224,Toreando Pass from Open Guard,guard_pass,Toreando Pass,Open Guard,https://www.youtube.com/watch?v=_XzYQ8XRXXY,https://www.youtube.com/results?search_query=bjj%2BToreando%2BPass%2Bfrom%2BOpen%2BGuard%2Btutorial,2026-02-16T09:21:47.320Z
225,Chubby Checker from Reverse DLR,guard_pass,Chubby Checker,Reverse DLR,,https://www.youtube.com/results?search_query=bjj%2BChubby%2BChecker%2Bfrom%2BReverse%2BDLR%2Btutorial,2026-02-16T09:21:47.320Z
226,Leg Weave from Reverse DLR,guard_pass,Leg Weave,Reverse DLR,,https://www.youtube.com/results?search_query=bjj%2BLeg%2BWeave%2Bfrom%2BReverse%2BDLR%2Btutorial,2026-02-16T09:21:47.320Z
227,Backstep (Shin on Shin) from Shin on Shin Guard,guard_pass,Backstep (Shin on Shin),Shin on Shin Guard,,https://www.youtube.com/results?search_query=bjj%2BBackstep%2BShin%2Bon%2BShin%2Bfrom%2BShin%2Bon%2BShin%2BGuard%2Btutorial,2026-02-16T09:21:47.320Z
228,Lift Foot Drop Knee from Shin on Shin Guard,guard_pass,Lift Foot Drop Knee,Shin on Shin Guard,,https://www.youtube.com/results?search_query=bjj%2BLift%2BFoot%2BDrop%2BKnee%2Bfrom%2BShin%2Bon%2BShin%2BGuard%2Btutorial,2026-02-16T09:21:47.320Z
229,Rolling Kimura (Shin on Shin) from Shin on Shin Guard,guard_pass,Rolling Kimura (Shin on Shin),Shin on Shin Guard,,https://www.youtube.com/results?search_query=bjj%2BRolling%2BKimura%2BShin%2Bon%2BShin%2Bfrom%2BShin%2Bon%2BShin%2BGuard%2Btutorial,2026-02-16T09:21:47.320Z
230,Remove Foot Clear Knee Mount from Single Leg X Guard,guard_pass,Remove Foot Clear Knee Mount,Single Leg X Guard,,https://www.youtube.com/results?search_query=bjj%2BRemove%2BFoot%2BClear%2BKnee%2BMount%2Bfrom%2BSingle%2BLeg%2BX%2BGuard%2Btutorial,2026-02-16T09:21:47.320Z
231,Circle Out Trapped Hand from Spider/Lasso Guard,guard_pass,Circle Out Trapped Hand,Spider/Lasso Guard,,https://www.youtube.com/results?search_query=bjj%2BCircle%2BOut%2BTrapped%2BHand%2Bfrom%2BSpider%2FLasso%2BGuard%2Btutorial,2026-02-16T09:21:47.320Z
232,Hands Under Foot on Bicep from Spider/Lasso Guard,guard_pass,Hands Under Foot on Bicep,Spider/Lasso Guard,,https://www.youtube.com/results?search_query=bjj%2BHands%2BUnder%2BFoot%2Bon%2BBicep%2Bfrom%2BSpider%2FLasso%2BGuard%2Btutorial,2026-02-16T09:21:47.320Z
233,Pin Lasso Leg and Sprawl from Spider/Lasso Guard,guard_pass,Pin Lasso Leg and Sprawl,Spider/Lasso Guard,,https://www.youtube.com/results?search_query=bjj%2BPin%2BLasso%2BLeg%2Band%2BSprawl%2Bfrom%2BSpider%2FLasso%2BGuard%2Btutorial,2026-02-16T09:21:47.320Z
234,Use Knee to Break Grip from Spider/Lasso Guard,guard_pass,Use Knee to Break Grip,Spider/Lasso Guard,,https://www.youtube.com/results?search_query=bjj%2BUse%2BKnee%2Bto%2BBreak%2BGrip%2Bfrom%2BSpider%2FLasso%2BGuard%2Btutorial,2026-02-16T09:21:47.320Z
235,Run Out Pass from X Guard,guard_pass,Run Out Pass,X Guard,,https://www.youtube.com/results?search_query=bjj%2BRun%2BOut%2BPass%2Bfrom%2BX%2BGuard%2Btutorial,2026-02-16T09:21:47.320Z
236,Trap Foot and Sprawl from X Guard,guard_pass,Trap Foot and Sprawl,X Guard,,https://www.youtube.com/results?search_query=bjj%2BTrap%2BFoot%2Band%2BSprawl%2Bfrom%2BX%2BGuard%2Btutorial,2026-02-16T09:21:47.320Z
237,Elevator/Butterfly Sweep from Butterfly Guard,sweep,Elevator/Butterfly Sweep,Butterfly Guard,https://www.youtube.com/watch?v=2SjRHiQBFfQ,https://www.youtube.com/results?search_query=bjj%2BElevator%2FButterfly%2BSweep%2Bfrom%2BButterfly%2BGuard%2Btutorial,2026-02-16T09:21:47.320Z
238,100% Sweep from Closed Guard,sweep,100% Sweep,Closed Guard,,https://www.youtube.com/results?search_query=bjj%2B100%25%2BSweep%2Bfrom%2BClosed%2BGuard%2Btutorial,2026-02-16T09:21:47.320Z
239,Armpit/Knee Roll Over from Closed Guard,sweep,Armpit/Knee Roll Over,Closed Guard,,https://www.youtube.com/results?search_query=bjj%2BArmpit%2FKnee%2BRoll%2BOver%2Bfrom%2BClosed%2BGuard%2Btutorial,2026-02-16T09:21:47.320Z
240,Balloon Sweep (Helicopter Armbar) from Closed Guard,sweep,Balloon Sweep (Helicopter Armbar),Closed Guard,,https://www.youtube.com/results?search_query=bjj%2BBalloon%2BSweep%2BHelicopter%2BArmbar%2Bfrom%2BClosed%2BGuard%2Btutorial,2026-02-16T09:21:47.320Z
241,Double Ankle Sweep from Closed Guard,sweep,Double Ankle Sweep,Closed Guard,,https://www.youtube.com/results?search_query=bjj%2BDouble%2BAnkle%2BSweep%2Bfrom%2BClosed%2BGuard%2Btutorial,2026-02-16T09:21:47.320Z
242,Flower Sweep from Closed Guard,sweep,Flower Sweep,Closed Guard,https://www.youtube.com/watch?v=xyBHPtjfvRY,https://www.youtube.com/results?search_query=bjj%2BFlower%2BSweep%2Bfrom%2BClosed%2BGuard%2Btutorial,2026-02-16T09:21:47.320Z
243,Hip Bump Sweep from Closed Guard,sweep,Hip Bump Sweep,Closed Guard,https://www.youtube.com/watch?v=xwGvuUMJcRY,https://www.youtube.com/results?search_query=bjj%2BHip%2BBump%2BSweep%2Bfrom%2BClosed%2BGuard%2Btutorial,2026-02-16T09:21:47.320Z
244,Lumberjack Sweep from Closed Guard,sweep,Lumberjack Sweep,Closed Guard,,https://www.youtube.com/results?search_query=bjj%2BLumberjack%2BSweep%2Bfrom%2BClosed%2BGuard%2Btutorial,2026-02-16T09:21:47.320Z
245,Omoplata Sweep from Closed Guard,sweep,Omoplata Sweep,Closed Guard,,https://www.youtube.com/results?search_query=bjj%2BOmoplata%2BSweep%2Bfrom%2BClosed%2BGuard%2Btutorial,2026-02-16T09:21:47.320Z
246,Reverse Scissor Sweep from Closed Guard,sweep,Reverse Scissor Sweep,Closed Guard,,https://www.youtube.com/results?search_query=bjj%2BReverse%2BScissor%2BSweep%2Bfrom%2BClosed%2BGuard%2Btutorial,2026-02-16T09:21:47.320Z
247,Scissor Sweep from Closed Guard,sweep,Scissor Sweep,Closed Guard,https://www.youtube.com/watch?v=37cesfJGDCk,https://www.youtube.com/results?search_query=bjj%2BScissor%2BSweep%2Bfrom%2BClosed%2BGuard%2Btutorial,2026-02-16T09:21:47.320Z
248,Single Ankle Sweep from Closed Guard,sweep,Single Ankle Sweep,Closed Guard,,https://www.youtube.com/results?search_query=bjj%2BSingle%2BAnkle%2BSweep%2Bfrom%2BClosed%2BGuard%2Btutorial,2026-02-16T09:21:47.320Z
249,Waiter/Muscle Sweep from Closed Guard,sweep,Waiter/Muscle Sweep,Closed Guard,,https://www.youtube.com/results?search_query=bjj%2BWaiter%2FMuscle%2BSweep%2Bfrom%2BClosed%2BGuard%2Btutorial,2026-02-16T09:21:47.320Z
250,Forward Sweep (DLR) from De La Riva Guard,sweep,Forward Sweep (DLR),De La Riva Guard,,https://www.youtube.com/results?search_query=bjj%2BForward%2BSweep%2BDLR%2Bfrom%2BDe%2BLa%2BRiva%2BGuard%2Btutorial,2026-02-16T09:21:47.320Z
251,Tripod Sweep (DLR) from De La Riva Guard,sweep,Tripod Sweep (DLR),De La Riva Guard,,https://www.youtube.com/results?search_query=bjj%2BTripod%2BSweep%2BDLR%2Bfrom%2BDe%2BLa%2BRiva%2BGuard%2Btutorial,2026-02-16T09:21:47.320Z
252,Double Under Sweep from Deep Half Guard,sweep,Double Under Sweep,Deep Half Guard,,https://www.youtube.com/results?search_query=bjj%2BDouble%2BUnder%2BSweep%2Bfrom%2BDeep%2BHalf%2BGuard%2Btutorial,2026-02-16T09:21:47.320Z
253,Technical Stand Up Sweep from Deep Half Guard,sweep,Technical Stand Up Sweep,Deep Half Guard,,https://www.youtube.com/results?search_query=bjj%2BTechnical%2BStand%2BUp%2BSweep%2Bfrom%2BDeep%2BHalf%2BGuard%2Btutorial,2026-02-16T09:21:47.320Z
254,Waiter Sweep from Deep Half Guard,sweep,Waiter Sweep,Deep Half Guard,,https://www.youtube.com/results?search_query=bjj%2BWaiter%2BSweep%2Bfrom%2BDeep%2BHalf%2BGuard%2Btutorial,2026-02-16T09:21:47.320Z
255,Actor Sweep from Half Butterfly Guard,sweep,Actor Sweep,Half Butterfly Guard,,https://www.youtube.com/results?search_query=bjj%2BActor%2BSweep%2Bfrom%2BHalf%2BButterfly%2BGuard%2Btutorial,2026-02-16T09:21:47.320Z
256,Kimura/Fishing Pole Sweep from Half Butterfly Guard,sweep,Kimura/Fishing Pole Sweep,Half Butterfly Guard,,https://www.youtube.com/results?search_query=bjj%2BKimura%2FFishing%2BPole%2BSweep%2Bfrom%2BHalf%2BButterfly%2BGuard%2Btutorial,2026-02-16T09:21:47.320Z
257,Foot Grab Sweep from Half Guard,sweep,Foot Grab Sweep,Half Guard,,https://www.youtube.com/results?search_query=bjj%2BFoot%2BGrab%2BSweep%2Bfrom%2BHalf%2BGuard%2Btutorial,2026-02-16T09:21:47.320Z
258,John Wayne Sweep from Half Guard,sweep,John Wayne Sweep,Half Guard,,https://www.youtube.com/results?search_query=bjj%2BJohn%2BWayne%2BSweep%2Bfrom%2BHalf%2BGuard%2Btutorial,2026-02-16T09:21:47.320Z
259,Leg Hug Gator Roll from Half Guard,sweep,Leg Hug Gator Roll,Half Guard,,https://www.youtube.com/results?search_query=bjj%2BLeg%2BHug%2BGator%2BRoll%2Bfrom%2BHalf%2BGuard%2Btutorial,2026-02-16T09:21:47.320Z
260,Old School Sweep from Half Guard,sweep,Old School Sweep,Half Guard,https://www.youtube.com/watch?v=TTm-GOmy_m4,https://www.youtube.com/results?search_query=bjj%2BOld%2BSchool%2BSweep%2Bfrom%2BHalf%2BGuard%2Btutorial,2026-02-16T09:21:47.320Z
261,Pendulum Sweep from Half Guard,sweep,Pendulum Sweep,Half Guard,https://www.youtube.com/watch?v=mSHlq_AELLs,https://www.youtube.com/results?search_query=bjj%2BPendulum%2BSweep%2Bfrom%2BHalf%2BGuard%2Btutorial,2026-02-16T09:21:47.320Z
262,Reverse Old School Sweep from Half Guard,sweep,Reverse Old School Sweep,Half Guard,,https://www.youtube.com/results?search_query=bjj%2BReverse%2BOld%2BSchool%2BSweep%2Bfrom%2BHalf%2BGuard%2Btutorial,2026-02-16T09:21:47.320Z
263,Leg Hook Sweep from Lasso Guard,sweep,Leg Hook Sweep,Lasso Guard,,https://www.youtube.com/results?search_query=bjj%2BLeg%2BHook%2BSweep%2Bfrom%2BLasso%2BGuard%2Btutorial,2026-02-16T09:21:47.320Z
264,Slicer Sweep from Lasso Guard,sweep,Slicer Sweep,Lasso Guard,,https://www.youtube.com/results?search_query=bjj%2BSlicer%2BSweep%2Bfrom%2BLasso%2BGuard%2Btutorial,2026-02-16T09:21:47.320Z
265,Balloon Sweep (Open Guard) from Open Guard,sweep,Balloon Sweep (Open Guard),Open Guard,,https://www.youtube.com/results?search_query=bjj%2BBalloon%2BSweep%2BOpen%2BGuard%2Bfrom%2BOpen%2BGuard%2Btutorial,2026-02-16T09:21:47.320Z
266,Butterfly Hook Sweep from Open Guard,sweep,Butterfly Hook Sweep,Open Guard,,https://www.youtube.com/results?search_query=bjj%2BButterfly%2BHook%2BSweep%2Bfrom%2BOpen%2BGuard%2Btutorial,2026-02-16T09:21:47.320Z
267,De La Riva Sweep from Open Guard,sweep,De La Riva Sweep,Open Guard,,https://www.youtube.com/results?search_query=bjj%2BDe%2BLa%2BRiva%2BSweep%2Bfrom%2BOpen%2BGuard%2Btutorial,2026-02-16T09:21:47.320Z
268,Heel Grab Sweep from Open Guard,sweep,Heel Grab Sweep,Open Guard,,https://www.youtube.com/results?search_query=bjj%2BHeel%2BGrab%2BSweep%2Bfrom%2BOpen%2BGuard%2Btutorial,2026-02-16T09:21:47.320Z
269,Tomahawk Sweep from Open Guard,sweep,Tomahawk Sweep,Open Guard,,https://www.youtube.com/results?search_query=bjj%2BTomahawk%2BSweep%2Bfrom%2BOpen%2BGuard%2Btutorial,2026-02-16T09:21:47.320Z
270,Tripod Sweep from Open Guard,sweep,Tripod Sweep,Open Guard,https://www.youtube.com/watch?v=FVQrqSUMkME,https://www.youtube.com/results?search_query=bjj%2BTripod%2BSweep%2Bfrom%2BOpen%2BGuard%2Btutorial,2026-02-16T09:21:47.320Z
271,Reverse Butterfly Sweep from Reverse De La Riva Guard,sweep,Reverse Butterfly Sweep,Reverse De La Riva Guard,,https://www.youtube.com/results?search_query=bjj%2BReverse%2BButterfly%2BSweep%2Bfrom%2BReverse%2BDe%2BLa%2BRiva%2BGuard%2Btutorial,2026-02-16T09:21:47.320Z
272,Tripod Sweep (RDLR) from Reverse De La Riva Guard,sweep,Tripod Sweep (RDLR),Reverse De La Riva Guard,,https://www.youtube.com/results?search_query=bjj%2BTripod%2BSweep%2BRDLR%2Bfrom%2BReverse%2BDe%2BLa%2BRiva%2BGuard%2Btutorial,2026-02-16T09:21:47.320Z
273,Sleeve Pass Sweep from Shin on Shin Guard,sweep,Sleeve Pass Sweep,Shin on Shin Guard,,https://www.youtube.com/results?search_query=bjj%2BSleeve%2BPass%2BSweep%2Bfrom%2BShin%2Bon%2BShin%2BGuard%2Btutorial,2026-02-16T09:21:47.320Z
274,Straight Back Sweep from Shin on Shin Guard,sweep,Straight Back Sweep,Shin on Shin Guard,,https://www.youtube.com/results?search_query=bjj%2BStraight%2BBack%2BSweep%2Bfrom%2BShin%2Bon%2BShin%2BGuard%2Btutorial,2026-02-16T09:21:47.320Z
275,Single X Sweep from Single Leg X Guard,sweep,Single X Sweep,Single Leg X Guard,https://www.youtube.com/watch?v=F7cFKNhQXfA,https://www.youtube.com/results?search_query=bjj%2BSingle%2BX%2BSweep%2Bfrom%2BSingle%2BLeg%2BX%2BGuard%2Btutorial,2026-02-16T09:21:47.320Z
276,Arm Wrap Sweep from Spider Guard,sweep,Arm Wrap Sweep,Spider Guard,,https://www.youtube.com/results?search_query=bjj%2BArm%2BWrap%2BSweep%2Bfrom%2BSpider%2BGuard%2Btutorial,2026-02-16T09:21:47.320Z
277,Open Book Sweep from Spider Guard,sweep,Open Book Sweep,Spider Guard,,https://www.youtube.com/results?search_query=bjj%2BOpen%2BBook%2BSweep%2Bfrom%2BSpider%2BGuard%2Btutorial,2026-02-16T09:21:47.320Z
278,Sickle Sweep from Spider Guard,sweep,Sickle Sweep,Spider Guard,,https://www.youtube.com/results?search_query=bjj%2BSickle%2BSweep%2Bfrom%2BSpider%2BGuard%2Btutorial,2026-02-16T09:21:47.320Z
279,Tall Scissor Sweep from Spider Guard,sweep,Tall Scissor Sweep,Spider Guard,,https://www.youtube.com/results?search_query=bjj%2BTall%2BScissor%2BSweep%2Bfrom%2BSpider%2BGuard%2Btutorial,2026-02-16T09:21:47.320Z
280,Peterson Roll from Turtle,sweep,Peterson Roll,Turtle,,https://www.youtube.com/results?search_query=bjj%2BPeterson%2BRoll%2Bfrom%2BTurtle%2Btutorial,2026-02-16T09:21:47.320Z
281,Straight Leg Sweep (Turtle) from Turtle,sweep,Straight Leg Sweep (Turtle),Turtle,,https://www.youtube.com/results?search_query=bjj%2BStraight%2BLeg%2BSweep%2BTurtle%2Bfrom%2BTurtle%2Btutorial,2026-02-16T09:21:47.320Z
282,Backward Sweep (X Guard) from X Guard,sweep,Backward Sweep (X Guard),X Guard,,https://www.youtube.com/results?search_query=bjj%2BBackward%2BSweep%2BX%2BGuard%2Bfrom%2BX%2BGuard%2Btutorial,2026-02-16T09:21:47.320Z
283,Forward Sweep (X Guard) from X Guard,sweep,Forward Sweep (X Guard),X Guard,,https://www.youtube.com/results?search_query=bjj%2BForward%2BSweep%2BX%2BGuard%2Bfrom%2BX%2BGuard%2Btutorial,2026-02-16T09:21:47.320Z
284,Deashi Harai (Advanced Foot Sweep) from Standing (Judo),takedown,Deashi Harai (Advanced Foot Sweep),Standing (Judo),,https://www.youtube.com/results?search_query=bjj%2BDeashi%2BHarai%2BAdvanced%2BFoot%2BSweep%2Bfrom%2BStanding%2BJudo%2Btutorial,2026-02-16T09:21:47.320Z
285,Harai Goshi (Sweeping Hip Throw) from Standing (Judo),takedown,Harai Goshi (Sweeping Hip Throw),Standing (Judo),,https://www.youtube.com/results?search_query=bjj%2BHarai%2BGoshi%2BSweeping%2BHip%2BThrow%2Bfrom%2BStanding%2BJudo%2Btutorial,2026-02-16T09:21:47.320Z
286,Hiza Guruma (Knee Wheel) from Standing (Judo),takedown,Hiza Guruma (Knee Wheel),Standing (Judo),,https://www.youtube.com/results?search_query=bjj%2BHiza%2BGuruma%2BKnee%2BWheel%2Bfrom%2BStanding%2BJudo%2Btutorial,2026-02-16T09:21:47.320Z
287,Ippon Seoi Nage (Shoulder Throw) from Standing (Judo),takedown,Ippon Seoi Nage (Shoulder Throw),Standing (Judo),https://www.youtube.com/watch?v=qCi21FnPw_g,https://www.youtube.com/results?search_query=bjj%2BIppon%2BSeoi%2BNage%2BShoulder%2BThrow%2Bfrom%2BStanding%2BJudo%2Btutorial,2026-02-16T09:21:47.320Z
288,Kouchi Gari (Minor Inner Reap) from Standing (Judo),takedown,Kouchi Gari (Minor Inner Reap),Standing (Judo),,https://www.youtube.com/results?search_query=bjj%2BKouchi%2BGari%2BMinor%2BInner%2BReap%2Bfrom%2BStanding%2BJudo%2Btutorial,2026-02-16T09:21:47.320Z
289,Kosoto Gari (Minor Outer Reap) from Standing (Judo),takedown,Kosoto Gari (Minor Outer Reap),Standing (Judo),,https://www.youtube.com/results?search_query=bjj%2BKosoto%2BGari%2BMinor%2BOuter%2BReap%2Bfrom%2BStanding%2BJudo%2Btutorial,2026-02-16T09:21:47.320Z
290,Koshi Guruma (Hip Wheel) from Standing (Judo),takedown,Koshi Guruma (Hip Wheel),Standing (Judo),,https://www.youtube.com/results?search_query=bjj%2BKoshi%2BGuruma%2BHip%2BWheel%2Bfrom%2BStanding%2BJudo%2Btutorial,2026-02-16T09:21:47.320Z
291,O Goshi (Major Hip Throw) from Standing (Judo),takedown,O Goshi (Major Hip Throw),Standing (Judo),,https://www.youtube.com/results?search_query=bjj%2BO%2BGoshi%2BMajor%2BHip%2BThrow%2Bfrom%2BStanding%2BJudo%2Btutorial,2026-02-16T09:21:47.320Z
292,Ouchi Gari (Major Inner Reap) from Standing (Judo),takedown,Ouchi Gari (Major Inner Reap),Standing (Judo),,https://www.youtube.com/results?search_query=bjj%2BOuchi%2BGari%2BMajor%2BInner%2BReap%2Bfrom%2BStanding%2BJudo%2Btutorial,2026-02-16T09:21:47.320Z
293,Osoto Gari (Major Outer Reap) from Standing (Judo),takedown,Osoto Gari (Major Outer Reap),Standing (Judo),https://www.youtube.com/watch?v=hJm2MNqyDiI,https://www.youtube.com/results?search_query=bjj%2BOsoto%2BGari%2BMajor%2BOuter%2BReap%2Bfrom%2BStanding%2BJudo%2Btutorial,2026-02-16T09:21:47.320Z
294,Sasae Tsurikomi Ashi (Propping Ankle Throw) from Standing (Judo),takedown,Sasae Tsurikomi Ashi (Propping Ankle Throw),Standing (Judo),,https://www.youtube.com/results?search_query=bjj%2BSasae%2BTsurikomi%2BAshi%2BPropping%2BAnkle%2BThrow%2Bfrom%2BStanding%2BJudo%2Btutorial,2026-02-16T09:21:47.320Z
295,Tai Otoshi (Body Drop) from Standing (Judo),takedown,Tai Otoshi (Body Drop),Standing (Judo),,https://www.youtube.com/results?search_query=bjj%2BTai%2BOtoshi%2BBody%2BDrop%2Bfrom%2BStanding%2BJudo%2Btutorial,2026-02-16T09:21:47.320Z
296,Tomoe Nage (Circle Throw) from Standing (Judo),takedown,Tomoe Nage (Circle Throw),Standing (Judo),,https://www.youtube.com/results?search_query=bjj%2BTomoe%2BNage%2BCircle%2BThrow%2Bfrom%2BStanding%2BJudo%2Btutorial,2026-02-16T09:21:47.320Z
297,Uchi Mata (Inner Thigh Throw) from Standing (Judo),takedown,Uchi Mata (Inner Thigh Throw),Standing (Judo),,https://www.youtube.com/results?search_query=bjj%2BUchi%2BMata%2BInner%2BThigh%2BThrow%2Bfrom%2BStanding%2BJudo%2Btutorial,2026-02-16T09:21:47.320Z
298,Ankle Pick from Standing (Wrestling),takedown,Ankle Pick,Standing (Wrestling),https://www.youtube.com/watch?v=QrVbjxIR7N8,https://www.youtube.com/results?search_query=bjj%2BAnkle%2BPick%2Bfrom%2BStanding%2BWrestling%2Btutorial,2026-02-16T09:21:47.320Z
299,Arm Drag to Takedown from Standing (Wrestling),takedown,Arm Drag to Takedown,Standing (Wrestling),https://www.youtube.com/watch?v=Q3PfMG6kAB8,https://www.youtube.com/results?search_query=bjj%2BArm%2BDrag%2Bto%2BTakedown%2Bfrom%2BStanding%2BWrestling%2Btutorial,2026-02-16T09:21:47.320Z
300,Body Lock Takedown (Bear Hug) from Standing (Wrestling),takedown,Body Lock Takedown (Bear Hug),Standing (Wrestling),,https://www.youtube.com/results?search_query=bjj%2BBody%2BLock%2BTakedown%2BBear%2BHug%2Bfrom%2BStanding%2BWrestling%2Btutorial,2026-02-16T09:21:47.320Z
301,Double Leg Takedown from Standing (Wrestling),takedown,Double Leg Takedown,Standing (Wrestling),https://www.youtube.com/watch?v=JH7UfaN9bOw,https://www.youtube.com/results?search_query=bjj%2BDouble%2BLeg%2BTakedown%2Bfrom%2BStanding%2BWrestling%2Btutorial,2026-02-16T09:21:47.320Z
302,Duck Under from Standing (Wrestling),takedown,Duck Under,Standing (Wrestling),,https://www.youtube.com/results?search_query=bjj%2BDuck%2BUnder%2Bfrom%2BStanding%2BWrestling%2Btutorial,2026-02-16T09:21:47.320Z
303,Fireman's Carry from Standing (Wrestling),takedown,Fireman's Carry,Standing (Wrestling),,https://www.youtube.com/results?search_query=bjj%2BFireman's%2BCarry%2Bfrom%2BStanding%2BWrestling%2Btutorial,2026-02-16T09:21:47.320Z
304,Go-Behind from Standing (Wrestling),takedown,Go-Behind,Standing (Wrestling),,https://www.youtube.com/results?search_query=bjj%2BGo-Behind%2Bfrom%2BStanding%2BWrestling%2Btutorial,2026-02-16T09:21:47.320Z
305,High Crotch from Standing (Wrestling),takedown,High Crotch,Standing (Wrestling),,https://www.youtube.com/results?search_query=bjj%2BHigh%2BCrotch%2Bfrom%2BStanding%2BWrestling%2Btutorial,2026-02-16T09:21:47.320Z
306,Inside Trip from Standing (Wrestling),takedown,Inside Trip,Standing (Wrestling),,https://www.youtube.com/results?search_query=bjj%2BInside%2BTrip%2Bfrom%2BStanding%2BWrestling%2Btutorial,2026-02-16T09:21:47.320Z
307,Knee Tap from Standing (Wrestling),takedown,Knee Tap,Standing (Wrestling),,https://www.youtube.com/results?search_query=bjj%2BKnee%2BTap%2Bfrom%2BStanding%2BWrestling%2Btutorial,2026-02-16T09:21:47.320Z
308,Outside Trip from Standing (Wrestling),takedown,Outside Trip,Standing (Wrestling),,https://www.youtube.com/results?search_query=bjj%2BOutside%2BTrip%2Bfrom%2BStanding%2BWrestling%2Btutorial,2026-02-16T09:21:47.320Z
309,Single Leg Takedown from Standing (Wrestling),takedown,Single Leg Takedown,Standing (Wrestling),https://www.youtube.com/watch?v=L6S_5E89bj8,https://www.youtube.com/results?search_query=bjj%2BSingle%2BLeg%2BTakedown%2Bfrom%2BStanding%2BWrestling%2Btutorial,2026-02-16T09:21:47.320Z
310,Snap Down from Standing (Wrestling),takedown,Snap Down,Standing (Wrestling),,https://www.youtube.com/results?search_query=bjj%2BSnap%2BDown%2Bfrom%2BStanding%2BWrestling%2Btutorial,2026-02-16T09:21:47.320Z
311,Americana Escape (Elbow Pull) from Side Control/Mount,escape,Americana Escape (Elbow Pull),Side Control/Mount,,https://www.youtube.com/results?search_query=bjj%2BAmericana%2BEscape%2BElbow%2BPull%2Bfrom%2BSide%2BControl%2FMount%2Btutorial,2026-02-16T09:21:47.320Z
312,Americana Escape (Elbow Push) from Side Control/Mount,escape,Americana Escape (Elbow Push),Side Control/Mount,,https://www.youtube.com/results?search_query=bjj%2BAmericana%2BEscape%2BElbow%2BPush%2Bfrom%2BSide%2BControl%2FMount%2Btutorial,2026-02-16T09:21:47.320Z
313,Americana Escape (Turn to Side) from Side Control/Mount,escape,Americana Escape (Turn to Side),Side Control/Mount,,https://www.youtube.com/results?search_query=bjj%2BAmericana%2BEscape%2BTurn%2Bto%2BSide%2Bfrom%2BSide%2BControl%2FMount%2Btutorial,2026-02-16T09:21:47.320Z
314,Ankle Lock Escape (Put on the Boot) from Ashi Garami,escape,Ankle Lock Escape (Put on the Boot),Ashi Garami,,https://www.youtube.com/results?search_query=bjj%2BAnkle%2BLock%2BEscape%2BPut%2Bon%2Bthe%2BBoot%2Bfrom%2BAshi%2BGarami%2Btutorial,2026-02-16T09:21:47.320Z
315,Armbar Escape (Elbow to Mat) from Mount,escape,Armbar Escape (Elbow to Mat),Mount,,https://www.youtube.com/results?search_query=bjj%2BArmbar%2BEscape%2BElbow%2Bto%2BMat%2Bfrom%2BMount%2Btutorial,2026-02-16T09:21:47.320Z
316,Armbar Escape (Head Inside) from Mount,escape,Armbar Escape (Head Inside),Mount,,https://www.youtube.com/results?search_query=bjj%2BArmbar%2BEscape%2BHead%2BInside%2Bfrom%2BMount%2Btutorial,2026-02-16T09:21:47.320Z
317,Armbar Escape (Hitchhiker) from Mount,escape,Armbar Escape (Hitchhiker),Mount,,https://www.youtube.com/results?search_query=bjj%2BArmbar%2BEscape%2BHitchhiker%2Bfrom%2BMount%2Btutorial,2026-02-16T09:21:47.320Z
318,Armbar Escape (Stack and Bulldog) from Guard,escape,Armbar Escape (Stack and Bulldog),Guard,,https://www.youtube.com/results?search_query=bjj%2BArmbar%2BEscape%2BStack%2Band%2BBulldog%2Bfrom%2BGuard%2Btutorial,2026-02-16T09:21:47.320Z
319,Back Control Escape (Hook Removal) from Back Control,escape,Back Control Escape (Hook Removal),Back Control,https://www.youtube.com/watch?v=INi_-3U1jBc,https://www.youtube.com/results?search_query=bjj%2BBack%2BControl%2BEscape%2BHook%2BRemoval%2Bfrom%2BBack%2BControl%2Btutorial,2026-02-16T09:21:47.320Z
320,Back Control Escape (Straight Arm) from Back Control,escape,Back Control Escape (Straight Arm),Back Control,,https://www.youtube.com/results?search_query=bjj%2BBack%2BControl%2BEscape%2BStraight%2BArm%2Bfrom%2BBack%2BControl%2Btutorial,2026-02-16T09:21:47.320Z
321,Body Triangle Escape (Knee Pummel) from Back Control (Body Triangle),escape,Body Triangle Escape (Knee Pummel),Back Control (Body Triangle),,https://www.youtube.com/results?search_query=bjj%2BBody%2BTriangle%2BEscape%2BKnee%2BPummel%2Bfrom%2BBack%2BControl%2BBody%2BTriangle%2Btutorial,2026-02-16T09:21:47.320Z
322,Body Triangle Escape (Kneeling to Standing) from Back Control (Body Triangle),escape,Body Triangle Escape (Kneeling to Standing),Back Control (Body Triangle),,https://www.youtube.com/results?search_query=bjj%2BBody%2BTriangle%2BEscape%2BKneeling%2Bto%2BStanding%2Bfrom%2BBack%2BControl%2BBody%2BTriangle%2Btutorial,2026-02-16T09:21:47.320Z
323,Body Triangle Escape (Leg Trap) from Back Control (Body Triangle),escape,Body Triangle Escape (Leg Trap),Back Control (Body Triangle),,https://www.youtube.com/results?search_query=bjj%2BBody%2BTriangle%2BEscape%2BLeg%2BTrap%2Bfrom%2BBack%2BControl%2BBody%2BTriangle%2Btutorial,2026-02-16T09:21:47.320Z
324,Collar Choke Escape (Grip Break) from Guard/Mount,escape,Collar Choke Escape (Grip Break),Guard/Mount,,https://www.youtube.com/results?search_query=bjj%2BCollar%2BChoke%2BEscape%2BGrip%2BBreak%2Bfrom%2BGuard%2FMount%2Btutorial,2026-02-16T09:21:47.320Z
325,Collar Choke Escape (Rechoke) from Guard/Mount,escape,Collar Choke Escape (Rechoke),Guard/Mount,,https://www.youtube.com/results?search_query=bjj%2BCollar%2BChoke%2BEscape%2BRechoke%2Bfrom%2BGuard%2FMount%2Btutorial,2026-02-16T09:21:47.320Z
326,Heel Hook Escape (Sprinter) from Leg Entanglement,escape,Heel Hook Escape (Sprinter),Leg Entanglement,,https://www.youtube.com/results?search_query=bjj%2BHeel%2BHook%2BEscape%2BSprinter%2Bfrom%2BLeg%2BEntanglement%2Btutorial,2026-02-16T09:21:47.320Z
327,Heel Hook Escape (Stand and Smash) from Leg Entanglement,escape,Heel Hook Escape (Stand and Smash),Leg Entanglement,,https://www.youtube.com/results?search_query=bjj%2BHeel%2BHook%2BEscape%2BStand%2Band%2BSmash%2Bfrom%2BLeg%2BEntanglement%2Btutorial,2026-02-16T09:21:47.320Z
328,"Kimura Escape (Defend Hand, Pass to Back) from Various",escape,"Kimura Escape (Defend Hand, Pass to Back)",Various,,https://www.youtube.com/results?search_query=bjj%2BKimura%2BEscape%2BDefend%2BHand%2C%2BPass%2Bto%2BBack%2Bfrom%2BVarious%2Btutorial,2026-02-16T09:21:47.320Z
329,Knee on Belly Escape (Belt Grab Ankle Pick) from Knee on Belly,escape,Knee on Belly Escape (Belt Grab Ankle Pick),Knee on Belly,,https://www.youtube.com/results?search_query=bjj%2BKnee%2Bon%2BBelly%2BEscape%2BBelt%2BGrab%2BAnkle%2BPick%2Bfrom%2BKnee%2Bon%2BBelly%2Btutorial,2026-02-16T09:21:47.320Z
330,Knee on Belly Escape (Force Half Guard) from Knee on Belly,escape,Knee on Belly Escape (Force Half Guard),Knee on Belly,,https://www.youtube.com/results?search_query=bjj%2BKnee%2Bon%2BBelly%2BEscape%2BForce%2BHalf%2BGuard%2Bfrom%2BKnee%2Bon%2BBelly%2Btutorial,2026-02-16T09:21:47.320Z
331,Mount Escape (Arm/Leg Trap) from Mount,escape,Mount Escape (Arm/Leg Trap),Mount,,https://www.youtube.com/results?search_query=bjj%2BMount%2BEscape%2BArm%2FLeg%2BTrap%2Bfrom%2BMount%2Btutorial,2026-02-16T09:21:47.320Z
332,"Mount Escape (Bridge, Hold, Shrimp) from Mount",escape,"Mount Escape (Bridge, Hold, Shrimp)",Mount,https://www.youtube.com/watch?v=fO3bQ7a8KDY,https://www.youtube.com/results?search_query=bjj%2BMount%2BEscape%2BBridge%2C%2BHold%2C%2BShrimp%2Bfrom%2BMount%2Btutorial,2026-02-16T09:21:47.320Z
333,Mount Escape (Elbow-Knee) from Mount,escape,Mount Escape (Elbow-Knee),Mount,https://www.youtube.com/watch?v=EMEueexp9zY,https://www.youtube.com/results?search_query=bjj%2BMount%2BEscape%2BElbow-Knee%2Bfrom%2BMount%2Btutorial,2026-02-16T09:21:47.320Z
334,Mount Escape (Kipping) from Mount,escape,Mount Escape (Kipping),Mount,,https://www.youtube.com/results?search_query=bjj%2BMount%2BEscape%2BKipping%2Bfrom%2BMount%2Btutorial,2026-02-16T09:21:47.320Z
335,North South Escape (Re-Guard) from North South,escape,North South Escape (Re-Guard),North South,,https://www.youtube.com/results?search_query=bjj%2BNorth%2BSouth%2BEscape%2BRe-Guard%2Bfrom%2BNorth%2BSouth%2Btutorial,2026-02-16T09:21:47.320Z
336,"North South Escape (Two on One, Turn) from North South",escape,"North South Escape (Two on One, Turn)",North South,,https://www.youtube.com/results?search_query=bjj%2BNorth%2BSouth%2BEscape%2BTwo%2Bon%2BOne%2C%2BTurn%2Bfrom%2BNorth%2BSouth%2Btutorial,2026-02-16T09:21:47.320Z
337,Omoplata Escape (Dive Under) from Omoplata,escape,Omoplata Escape (Dive Under),Omoplata,,https://www.youtube.com/results?search_query=bjj%2BOmoplata%2BEscape%2BDive%2BUnder%2Bfrom%2BOmoplata%2Btutorial,2026-02-16T09:21:47.320Z
338,Omoplata Escape (Jump Across) from Omoplata,escape,Omoplata Escape (Jump Across),Omoplata,,https://www.youtube.com/results?search_query=bjj%2BOmoplata%2BEscape%2BJump%2BAcross%2Bfrom%2BOmoplata%2Btutorial,2026-02-16T09:21:47.320Z
339,Omoplata Escape (Rolling) from Omoplata,escape,Omoplata Escape (Rolling),Omoplata,,https://www.youtube.com/results?search_query=bjj%2BOmoplata%2BEscape%2BRolling%2Bfrom%2BOmoplata%2Btutorial,2026-02-16T09:21:47.320Z
340,Scarf Hold Escape (Legs Up to Armbar) from Scarf Hold,escape,Scarf Hold Escape (Legs Up to Armbar),Scarf Hold,,https://www.youtube.com/results?search_query=bjj%2BScarf%2BHold%2BEscape%2BLegs%2BUp%2Bto%2BArmbar%2Bfrom%2BScarf%2BHold%2Btutorial,2026-02-16T09:21:47.320Z
341,Side Control Escape (Bridge and Roll) from Side Control,escape,Side Control Escape (Bridge and Roll),Side Control,,https://www.youtube.com/results?search_query=bjj%2BSide%2BControl%2BEscape%2BBridge%2Band%2BRoll%2Bfrom%2BSide%2BControl%2Btutorial,2026-02-16T09:21:47.320Z
342,Side Control Escape (Double Leg) from Side Control,escape,Side Control Escape (Double Leg),Side Control,,https://www.youtube.com/results?search_query=bjj%2BSide%2BControl%2BEscape%2BDouble%2BLeg%2Bfrom%2BSide%2BControl%2Btutorial,2026-02-16T09:21:47.320Z
343,Side Control Escape (Reguard) from Side Control,escape,Side Control Escape (Reguard),Side Control,https://www.youtube.com/watch?v=POsFZX0M6jg,https://www.youtube.com/results?search_query=bjj%2BSide%2BControl%2BEscape%2BReguard%2Bfrom%2BSide%2BControl%2Btutorial,2026-02-16T09:21:47.320Z
344,Side Control Escape (Scarf Hold Back Take) from Side Control,escape,Side Control Escape (Scarf Hold Back Take),Side Control,,https://www.youtube.com/results?search_query=bjj%2BSide%2BControl%2BEscape%2BScarf%2BHold%2BBack%2BTake%2Bfrom%2BSide%2BControl%2Btutorial,2026-02-16T09:21:47.320Z
345,Side Control Escape (Spin Under) from Side Control,escape,Side Control Escape (Spin Under),Side Control,,https://www.youtube.com/results?search_query=bjj%2BSide%2BControl%2BEscape%2BSpin%2BUnder%2Bfrom%2BSide%2BControl%2Btutorial,2026-02-16T09:21:47.320Z
346,"Triangle Escape (Feet on Top, Ankle Lock) from Triangle",escape,"Triangle Escape (Feet on Top, Ankle Lock)",Triangle,,https://www.youtube.com/results?search_query=bjj%2BTriangle%2BEscape%2BFeet%2Bon%2BTop%2C%2BAnkle%2BLock%2Bfrom%2BTriangle%2Btutorial,2026-02-16T09:21:47.320Z
347,Triangle Escape (Pull Knee to Ground) from Triangle,escape,Triangle Escape (Pull Knee to Ground),Triangle,,https://www.youtube.com/results?search_query=bjj%2BTriangle%2BEscape%2BPull%2BKnee%2Bto%2BGround%2Bfrom%2BTriangle%2Btutorial,2026-02-16T09:21:47.320Z
348,"Triangle Escape (Stack, Rechoke, Rotate) from Triangle",escape,"Triangle Escape (Stack, Rechoke, Rotate)",Triangle,,https://www.youtube.com/results?search_query=bjj%2BTriangle%2BEscape%2BStack%2C%2BRechoke%2C%2BRotate%2Bfrom%2BTriangle%2Btutorial,2026-02-16T09:21:47.320Z
349,Turtle Escape (Invert and Re-Guard) from Turtle,escape,Turtle Escape (Invert and Re-Guard),Turtle,,https://www.youtube.com/results?search_query=bjj%2BTurtle%2BEscape%2BInvert%2Band%2BRe-Guard%2Bfrom%2BTurtle%2Btutorial,2026-02-16T09:21:47.320Z
350,Turtle Escape (Peterson Roll) from Turtle,escape,Turtle Escape (Peterson Roll),Turtle,,https://www.youtube.com/results?search_query=bjj%2BTurtle%2BEscape%2BPeterson%2BRoll%2Bfrom%2BTurtle%2Btutorial,2026-02-16T09:21:47.320Z
351,Turtle Escape (Straight Leg Sweep) from Turtle,escape,Turtle Escape (Straight Leg Sweep),Turtle,,https://www.youtube.com/results?search_query=bjj%2BTurtle%2BEscape%2BStraight%2BLeg%2BSweep%2Bfrom%2BTurtle%2Btutorial,2026-02-16T09:21:47.320Z